,total_inquiries,total_home_inquiries,total_shared_inquiries,total_private_inquiries,guest_rate,guest_return_rate,host_return_rate,interaction_rate,message_rate,total_contact_me,total_book_it,total_instant_book,pct_contact_me,pct_book_it,pct_instant_book,pct_past_booker,pct_new_user,total_replies,reply_rate,avg_reply_time,total_accepted,accepted_rate,avg_accepted_time,total_booking,booking_rate,avg_booking_time
2016-01-02 12:24:15,35.0,28.0,0.0,7.0,2.4571428571428573,0.0,0.0,10.114285714285714,201.68571428571428,12.0,14.0,9.0,0.34285714285714286,0.4,0.2571428571428571,0.4857142857142857,0.5142857142857142,30.0,0.8571428571428571,0.024815586419753087,17.0,0.4857142857142857,0.009791666666666667,14.0,0.4,0.009325396825396825
2016-01-03 12:24:15,66.0,59.0,0.0,7.0,2.9242424242424243,0.03225806451612903,0.125,7.318181818181818,164.87878787878788,25.0,27.0,14.0,0.3787878787878788,0.4090909090909091,0.21212121212121213,0.42424242424242425,0.5606060606060606,59.0,0.8939393939393939,0.07599576271186441,35.0,0.5303030303030303,0.10394378306878307,26.0,0.3939393939393939,0.08298744658119658
2016-01-04 12:24:15,54.0,43.0,0.0,11.0,3.185185185185185,0.03773584905660377,0.2708333333333333,7.944444444444445,231.72222222222223,28.0,11.0,15.0,0.5185185185185185,0.2037037037037037,0.2777777777777778,0.35185185185185186,0.6481481481481481,45.0,0.8333333333333334,0.04081558641975309,31.0,0.5740740740740741,0.06681488948626045,19.0,0.35185185185185186,0.007364766081871345
2016-01-05 12:24:15,87.0,83.0,0.0,4.0,3.689655172413793,0.0,0.1891891891891892,7.9655172413793105,211.29885057471265,51.0,22.0,14.0,0.5862068965517241,0.25287356321839083,0.16091954022988506,0.367816091954023,0.632183908045977,71.0,0.8160919540229885,0.060957061815336465,36.0,0.41379310344827586,0.13767007458847738,21.0,0.2413793103448276,0.06053295855379189
2016-01-06 12:24:15,95.0,86.0,0.0,9.0,3.831578947368421,0.034482758620689655,0.2716049382716049,7.842105263157895,162.44210526315788,63.0,17.0,15.0,0.6631578947368421,0.17894736842105263,0.15789473684210525,0.3263157894736842,0.6736842105263158,75.0,0.7894736842105263,0.07045354938271604,48.0,0.5052631578947369,0.08361352237654321,29.0,0.30526315789473685,0.1867859993614304
2016-01-07 12:24:15,117.0,104.0,2.0,11.0,3.1880341880341883,0.009345794392523364,0.3333333333333333,6.076923076923077,195.77777777777777,64.0,35.0,18.0,0.5470085470085471,0.29914529914529914,0.15384615384615385,0.46153846153846156,0.5384615384615384,93.0,0.7948717948717948,0.07501505874153723,48.0,0.41025641025641024,0.09560667438271604,31.0,0.26495726495726496,0.0846143219832736
2016-01-08 12:24:15,101.0,91.0,0.0,10.0,3.4752475247524752,0.044444444444444446,0.4358974358974359,8.504950495049505,245.65346534653466,52.0,32.0,17.0,0.5148514851485149,0.31683168316831684,0.16831683168316833,0.37623762376237624,0.6237623762376238,80.0,0.7920792079207921,0.08476721643518519,41.0,0.40594059405940597,0.1578856142728094,30.0,0.297029702970297,0.10909336419753085
2016-01-09 12:24:15,64.0,57.0,0.0,7.0,3.140625,0.03278688524590164,0.36363636363636365,6.6875,243.1875,35.0,17.0,12.0,0.546875,0.265625,0.1875,0.390625,0.59375,54.0,0.84375,0.0966358024691358,32.0,0.5,0.16580910011574074,20.0,0.3125,0.11771064814814816
2016-01-10 12:24:15,69.0,59.0,0.0,10.0,2.7681159420289854,0.078125,0.41935483870967744,8.144927536231885,248.81159420289856,22.0,27.0,20.0,0.3188405797101449,0.391304347826087,0.2898550724637681,0.37681159420289856,0.6231884057971014,61.0,0.8840579710144928,0.07425698239222829,48.0,0.6956521739130435,0.14948326581790122,35.0,0.5072463768115942,0.09253306878306879
2016-01-11 12:24:15,78.0,62.0,0.0,16.0,2.91025641025641,0.02702702702702703,0.3442622950819672,10.038461538461538,227.6153846153846,34.0,23.0,21.0,0.4358974358974359,0.2948717948717949,0.2692307692307692,0.5,0.5,73.0,0.9358974358974359,0.04438911085743277,43.0,0.5512820512820513,0.051530738587424636,35.0,0.44871794871794873,0.0690380291005291
2016-01-12 12:24:15,91.0,81.0,0.0,10.0,3.5494505494505493,0.03571428571428571,0.2857142857142857,5.241758241758242,193.3186813186813,53.0,26.0,12.0,0.5824175824175825,0.2857142857142857,0.13186813186813187,0.32967032967032966,0.6703296703296703,74.0,0.8131868131868132,0.08743368368368368,33.0,0.3626373626373626,0.16359497755331087,23.0,0.25274725274725274,0.049371477455716586
2016-01-13 12:24:15,107.0,94.0,1.0,12.0,3.5794392523364484,0.041237113402061855,0.40229885057471265,6.598130841121495,211.13084112149534,64.0,32.0,11.0,0.5981308411214953,0.29906542056074764,0.102803738317757,0.2803738317757009,0.719626168224299,86.0,0.8037383177570093,0.08459113910422049,35.0,0.32710280373831774,0.13088789682539684,21.0,0.19626168224299065,0.1228692680776014
2016-01-14 12:24:15,91.0,77.0,1.0,13.0,3.4615384615384617,0.07058823529411765,0.3194444444444444,5.362637362637362,218.57142857142858,48.0,33.0,10.0,0.5274725274725275,0.3626373626373626,0.10989010989010989,0.2857142857142857,0.7142857142857143,82.0,0.9010989010989011,0.06555033310749774,30.0,0.32967032967032966,0.12594753086419752,23.0,0.25274725274725274,0.08643367552334943
2016-01-15 12:24:15,67.0,56.0,0.0,11.0,2.8059701492537314,0.03225806451612903,0.42105263157894735,9.597014925373134,170.40298507462686,35.0,21.0,11.0,0.5223880597014925,0.31343283582089554,0.16417910447761194,0.3880597014925373,0.6119402985074627,58.0,0.8656716417910447,0.08557890325670499,35.0,0.5223880597014925,0.16164252645502644,23.0,0.34328358208955223,0.10839019726247986
2016-01-16 12:24:15,72.0,66.0,0.0,6.0,2.638888888888889,0.04477611940298507,0.30158730158730157,7.069444444444445,193.56944444444446,38.0,25.0,9.0,0.5277777777777778,0.3472222222222222,0.125,0.4166666666666667,0.5833333333333334,66.0,0.9166666666666666,0.09953265291806958,32.0,0.4444444444444444,0.1064185474537037,22.0,0.3055555555555556,0.11715330387205386
2016-01-17 12:24:15,62.0,54.0,0.0,8.0,2.7419354838709675,0.05084745762711865,0.34545454545454546,10.838709677419354,195.79032258064515,21.0,23.0,18.0,0.3387096774193548,0.3709677419354839,0.2903225806451613,0.5,0.5,57.0,0.9193548387096774,0.04161874593892138,39.0,0.6290322580645161,0.046467830009496676,30.0,0.4838709677419355,0.04153819444444445
2016-01-18 12:24:15,65.0,55.0,0.0,10.0,3.1846153846153844,0.0625,0.35,9.430769230769231,219.06153846153848,26.0,19.0,20.0,0.4,0.2923076923076923,0.3076923076923077,0.46153846153846156,0.5384615384615384,64.0,0.9846153846153847,0.06340964988425926,48.0,0.7384615384615385,0.07152006172839506,34.0,0.5230769230769231,0.07063521241830066
2016-01-19 12:24:15,82.0,70.0,2.0,10.0,3.3048780487804876,0.05263157894736842,0.24285714285714285,8.121951219512194,210.53658536585365,41.0,24.0,17.0,0.5,0.2926829268292683,0.2073170731707317,0.4024390243902439,0.5975609756097561,74.0,0.9024390243902439,0.0740915915915916,54.0,0.6585365853658537,0.1043173439643347,30.0,0.36585365853658536,0.05183101851851852
2016-01-20 12:24:15,78.0,65.0,0.0,13.0,3.217948717948718,0.04054054054054054,0.3424657534246575,8.076923076923077,223.10256410256412,34.0,26.0,18.0,0.4358974358974359,0.3333333333333333,0.23076923076923078,0.46153846153846156,0.5256410256410257,73.0,0.9358974358974359,0.05023132293252156,45.0,0.5769230769230769,0.05941383744855967,34.0,0.4358974358974359,0.08757489106753812
2016-01-21 12:24:15,72.0,63.0,0.0,9.0,3.0277777777777777,0.0,0.3076923076923077,8.86111111111111,233.40277777777777,30.0,22.0,20.0,0.4166666666666667,0.3055555555555556,0.2777777777777778,0.4305555555555556,0.5694444444444444,62.0,0.8611111111111112,0.054496341099163674,38.0,0.5277777777777778,0.1015427022417154,28.0,0.3888888888888889,0.026249173280423282
2016-01-22 12:24:15,56.0,48.0,1.0,7.0,3.25,0.0392156862745098,0.27450980392156865,6.696428571428571,194.42857142857142,33.0,19.0,4.0,0.5892857142857143,0.3392857142857143,0.07142857142857142,0.4642857142857143,0.5357142857142857,48.0,0.8571428571428571,0.062269965277777777,30.0,0.5357142857142857,0.12036188271604938,11.0,0.19642857142857142,0.15323758417508418
2016-01-23 12:24:15,57.0,48.0,0.0,9.0,3.1403508771929824,0.01818181818181818,0.3148148148148148,8.052631578947368,164.71929824561403,22.0,23.0,12.0,0.38596491228070173,0.40350877192982454,0.21052631578947367,0.43859649122807015,0.5614035087719298,52.0,0.9122807017543859,0.0715306712962963,37.0,0.6491228070175439,0.10407094594594594,27.0,0.47368421052631576,0.13214163237311385
2016-01-24 12:24:15,41.0,36.0,1.0,4.0,3.1951219512195124,0.024390243902439025,0.375,10.21951219512195,220.09756097560975,18.0,11.0,12.0,0.43902439024390244,0.2682926829268293,0.2926829268292683,0.3170731707317073,0.6829268292682927,42.0,1.024390243902439,0.07146852954144621,28.0,0.6829268292682927,0.09129257605820106,20.0,0.4878048780487805,0.038953703703703706
2016-01-25 12:24:15,63.0,60.0,0.0,3.0,3.507936507936508,0.017241379310344827,0.21818181818181817,9.396825396825397,224.74603174603175,24.0,18.0,21.0,0.38095238095238093,0.2857142857142857,0.3333333333333333,0.49206349206349204,0.5079365079365079,51.0,0.8095238095238095,0.06987608932461874,41.0,0.6507936507936508,0.11563262195121951,29.0,0.4603174603174603,0.02012332375478927
2016-01-26 12:24:15,61.0,54.0,2.0,5.0,3.3114754098360657,0.0,0.3103448275862069,7.19672131147541,223.98360655737704,32.0,22.0,7.0,0.5245901639344263,0.36065573770491804,0.11475409836065574,0.32786885245901637,0.6721311475409836,54.0,0.8852459016393442,0.06504801097393689,30.0,0.4918032786885246,0.15280864197530863,20.0,0.32786885245901637,0.1416226851851852
2016-01-27 12:24:15,70.0,64.0,0.0,6.0,3.342857142857143,0.03125,0.3114754098360656,8.371428571428572,230.61428571428573,35.0,22.0,13.0,0.5,0.3142857142857143,0.18571428571428572,0.4,0.6,54.0,0.7714285714285715,0.059321201989026066,39.0,0.5571428571428572,0.1252059591642925,26.0,0.37142857142857144,0.09791889245014246
2016-01-28 12:24:15,67.0,57.0,0.0,10.0,2.985074626865672,0.0,0.3333333333333333,7.656716417910448,188.70149253731344,33.0,24.0,10.0,0.4925373134328358,0.3582089552238806,0.14925373134328357,0.4626865671641791,0.5074626865671642,68.0,1.0149253731343284,0.08582329112200436,49.0,0.7313432835820896,0.19268069727891154,26.0,0.3880597014925373,0.2000525284900285
2016-01-29 12:24:15,56.0,44.0,0.0,12.0,3.0714285714285716,0.0392156862745098,0.3125,5.803571428571429,170.0,25.0,20.0,11.0,0.44642857142857145,0.35714285714285715,0.19642857142857142,0.30357142857142855,0.6964285714285714,38.0,0.6785714285714286,0.09232273391812866,24.0,0.42857142857142855,0.10425684799382716,16.0,0.2857142857142857,0.15032407407407408
2016-01-30 12:24:15,45.0,39.0,1.0,5.0,2.466666666666667,0.06976744186046512,0.4318181818181818,7.666666666666667,222.46666666666667,25.0,12.0,8.0,0.5555555555555556,0.26666666666666666,0.17777777777777778,0.4444444444444444,0.5555555555555556,45.0,1.0,0.05572916666666667,31.0,0.6888888888888889,0.06693548387096775,16.0,0.35555555555555557,0.007515190972222223
2016-01-31 12:24:15,32.0,24.0,0.0,8.0,2.96875,0.03225806451612903,0.2,9.40625,223.3125,15.0,5.0,12.0,0.46875,0.15625,0.375,0.53125,0.46875,31.0,0.96875,0.07471886200716846,26.0,0.8125,0.13061698717948717,17.0,0.53125,0.09366285403050108
2016-02-01 12:24:15,49.0,37.0,0.0,12.0,2.7755102040816326,0.022222222222222223,0.25,7.755102040816326,284.3265306122449,24.0,17.0,8.0,0.4897959183673469,0.3469387755102041,0.16326530612244897,0.40816326530612246,0.5918367346938775,44.0,0.8979591836734694,0.058880997474747475,34.0,0.6938775510204082,0.0791057325708061,25.0,0.5102040816326531,0.11063703703703705
2016-02-02 12:24:15,58.0,47.0,0.0,11.0,2.396551724137931,0.01818181818181818,0.2,9.948275862068966,169.70689655172413,24.0,17.0,17.0,0.41379310344827586,0.29310344827586204,0.29310344827586204,0.5,0.5,52.0,0.896551724137931,0.07072204415954415,37.0,0.6379310344827587,0.12736017267267266,28.0,0.4827586206896552,0.0717352843915344
2016-02-03 12:24:15,64.0,48.0,2.0,14.0,2.390625,0.03571428571428571,0.32727272727272727,7.4375,179.703125,21.0,27.0,16.0,0.328125,0.421875,0.25,0.515625,0.484375,56.0,0.875,0.08021474041005291,31.0,0.484375,0.08786999701314217,27.0,0.421875,0.0534619341563786
2016-02-04 12:24:15,39.0,31.0,0.0,8.0,2.641025641025641,0.0,0.2972972972972973,6.9743589743589745,184.35897435897436,14.0,13.0,12.0,0.358974358974359,0.3333333333333333,0.3076923076923077,0.4358974358974359,0.5641025641025641,36.0,0.9230769230769231,0.05470261059670782,29.0,0.7435897435897436,0.10817169540229886,23.0,0.5897435897435898,0.11235658212560387
2016-02-05 12:24:15,40.0,32.0,0.0,8.0,2.025,0.10526315789473684,0.3055555555555556,11.3,223.025,14.0,15.0,11.0,0.35,0.375,0.275,0.45,0.55,35.0,0.875,0.059300264550264555,26.0,0.65,0.08234063390313391,24.0,0.6,0.07290846836419754
2016-02-06 12:24:15,25.0,18.0,1.0,6.0,1.72,0.0,0.21739130434782608,8.56,201.48,9.0,9.0,7.0,0.36,0.36,0.28,0.48,0.52,24.0,0.96,0.02718315972222222,19.0,0.76,0.10963633040935673,14.0,0.56,0.1240881283068783
2016-02-07 12:24:15,10.0,8.0,0.0,2.0,3.6,0.0,0.2,6.9,115.5,2.0,5.0,3.0,0.2,0.5,0.3,0.7,0.3,6.0,0.6,0.030889274691358028,5.0,0.5,0.031453703703703706,5.0,0.5,0.031453703703703706
2016-02-08 12:24:15,30.0,25.0,0.0,5.0,1.9666666666666666,0.0,0.37037037037037035,7.4,181.33333333333334,9.0,6.0,15.0,0.3,0.2,0.5,0.5333333333333333,0.4666666666666667,29.0,0.9666666666666667,0.08654653575989782,22.0,0.7333333333333333,0.1045959595959596,17.0,0.5666666666666667,0.01574074074074074
2016-02-09 12:24:15,32.0,26.0,0.0,6.0,2.46875,0.03125,0.1875,7.09375,206.46875,9.0,8.0,15.0,0.28125,0.25,0.46875,0.53125,0.46875,29.0,0.90625,0.05576348978288634,22.0,0.6875,0.07659722222222222,18.0,0.5625,0.03696952160493827
2016-02-10 12:24:15,35.0,29.0,0.0,6.0,2.1714285714285713,0.058823529411764705,0.22857142857142856,9.114285714285714,225.02857142857144,11.0,9.0,15.0,0.3142857142857143,0.2571428571428571,0.42857142857142855,0.4857142857142857,0.5142857142857142,33.0,0.9428571428571428,0.027586980920314252,26.0,0.7428571428571429,0.09746661324786325,23.0,0.6571428571428571,0.04073168276972625
2016-02-11 12:24:15,38.0,34.0,0.0,4.0,2.236842105263158,0.0,0.19444444444444445,9.605263157894736,202.97368421052633,10.0,11.0,17.0,0.2631578947368421,0.2894736842105263,0.4473684210526316,0.6842105263157895,0.3157894736842105,38.0,1.0,0.020061525341130603,24.0,0.631578947368421,0.013942418981481481,23.0,0.6052631578947368,0.010631038647342994
2016-02-12 12:24:15,50.0,42.0,0.0,8.0,2.58,0.0,0.28888888888888886,8.76,179.54,19.0,14.0,17.0,0.38,0.28,0.34,0.46,0.54,45.0,0.9,0.05811188271604938,38.0,0.76,0.08886178118908382,29.0,0.58,0.09198834610472542
2016-02-13 12:24:15,38.0,35.0,0.0,3.0,3.210526315789474,0.02631578947368421,0.23684210526315788,10.078947368421053,139.10526315789474,12.0,11.0,15.0,0.3157894736842105,0.2894736842105263,0.39473684210526316,0.4473684210526316,0.5526315789473685,37.0,0.9736842105263158,0.058645833333333335,31.0,0.8157894736842105,0.07107041517323776,23.0,0.6052631578947368,0.021455817230273753
2016-02-14 12:24:15,29.0,28.0,0.0,1.0,3.0344827586206895,0.0,0.34615384615384615,7.0,173.27586206896552,7.0,9.0,13.0,0.2413793103448276,0.3103448275862069,0.4482758620689655,0.4482758620689655,0.5172413793103449,28.0,0.9655172413793104,0.07040261243386244,23.0,0.7931034482758621,0.08825533413848631,20.0,0.6896551724137931,0.08643460648148148
2016-02-15 12:24:15,49.0,45.0,0.0,4.0,3.0816326530612246,0.02127659574468085,0.19047619047619047,10.10204081632653,172.0204081632653,15.0,17.0,17.0,0.30612244897959184,0.3469387755102041,0.3469387755102041,0.5102040816326531,0.4897959183673469,45.0,0.9183673469387755,0.07151877572016462,37.0,0.7551020408163265,0.1002515015015015,30.0,0.6122448979591837,0.11168364197530865
2016-02-16 12:24:15,50.0,41.0,3.0,6.0,2.62,0.044444444444444446,0.2127659574468085,7.1,183.66,10.0,17.0,23.0,0.2,0.34,0.46,0.42,0.58,44.0,0.88,0.019040930134680136,42.0,0.84,0.07065696649029982,34.0,0.68,0.05636676198257081
2016-02-17 12:24:15,43.0,42.0,0.0,1.0,2.9069767441860463,0.023255813953488372,0.4146341463414634,8.627906976744185,213.2325581395349,18.0,9.0,16.0,0.4186046511627907,0.20930232558139536,0.37209302325581395,0.6046511627906976,0.3953488372093023,43.0,1.0,0.07739125753660638,29.0,0.6744186046511628,0.08332854406130268,22.0,0.5116279069767442,0.05615056818181818
2016-02-18 12:24:15,60.0,54.0,0.0,6.0,2.716666666666667,0.0,0.3559322033898305,8.55,193.98333333333332,19.0,18.0,23.0,0.31666666666666665,0.3,0.38333333333333336,0.5,0.5,56.0,0.9333333333333333,0.02535796957671958,42.0,0.7,0.05706845238095238,36.0,0.6,0.06568930041152264
2016-02-19 12:24:15,45.0,38.0,0.0,7.0,2.6666666666666665,0.09302325581395349,0.23255813953488372,9.733333333333333,161.77777777777777,10.0,23.0,12.0,0.2222222222222222,0.5111111111111111,0.26666666666666666,0.5333333333333333,0.4666666666666667,41.0,0.9111111111111111,0.026639848690153567,28.0,0.6222222222222222,0.06097387566137566,23.0,0.5111111111111111,0.06940821256038647
2016-02-20 12:24:15,30.0,24.0,0.0,6.0,2.3,0.0,0.23333333333333334,10.466666666666667,175.3,7.0,14.0,9.0,0.23333333333333334,0.4666666666666667,0.3,0.36666666666666664,0.6333333333333333,28.0,0.9333333333333333,0.025001240079365078,27.0,0.9,0.07689857681755831,22.0,0.7333333333333333,0.03698179713804713
2016-02-21 12:24:15,33.0,29.0,0.0,4.0,2.1515151515151514,0.034482758620689655,0.23333333333333334,8.303030303030303,190.15151515151516,7.0,16.0,10.0,0.21212121212121213,0.48484848484848486,0.30303030303030304,0.5757575757575758,0.42424242424242425,32.0,0.9696969696969697,0.11052047164351853,30.0,0.9090909090909091,0.12993942901234568,25.0,0.7575757575757576,0.07032407407407408
2016-02-22 12:24:15,40.0,34.0,0.0,6.0,2.65,0.0,0.29411764705882354,8.8,207.7,11.0,14.0,15.0,0.275,0.35,0.375,0.55,0.45,38.0,0.95,0.02555738304093567,29.0,0.725,0.02332455300127714,23.0,0.575,0.02178341384863124
2016-02-23 12:24:15,47.0,40.0,0.0,7.0,2.5106382978723403,0.02127659574468085,0.3111111111111111,9.404255319148936,199.17021276595744,14.0,18.0,15.0,0.2978723404255319,0.3829787234042553,0.3191489361702128,0.574468085106383,0.425531914893617,42.0,0.8936170212765957,0.026243110670194005,34.0,0.723404255319149,0.058427968409586056,30.0,0.6382978723404256,0.0875829475308642
2016-02-24 12:24:15,50.0,35.0,2.0,13.0,2.7,0.0,0.2608695652173913,7.22,198.78,21.0,15.0,14.0,0.42,0.3,0.28,0.48,0.52,43.0,0.86,0.08082633505598621,32.0,0.64,0.09175672743055556,24.0,0.48,0.05643759645061728
2016-02-25 12:24:15,35.0,33.0,0.0,2.0,2.342857142857143,0.030303030303030304,0.26666666666666666,9.085714285714285,223.14285714285714,16.0,12.0,7.0,0.45714285714285713,0.34285714285714286,0.2,0.6,0.4,31.0,0.8857142857142857,0.10336618876941457,20.0,0.5714285714285714,0.19054976851851851,10.0,0.2857142857142857,0.019766203703703702
2016-02-26 12:24:15,46.0,40.0,0.0,6.0,2.5434782608695654,0.021739130434782608,0.25,10.5,194.56521739130434,13.0,12.0,21.0,0.2826086956521739,0.2608695652173913,0.45652173913043476,0.6086956521739131,0.3695652173913043,44.0,0.9565217391304348,0.04883233375420875,36.0,0.782608695652174,0.05243698559670782,29.0,0.6304347826086957,0.049666746487867175
2016-02-27 12:24:15,32.0,29.0,0.0,3.0,2.96875,0.0,0.22580645161290322,8.96875,135.21875,14.0,8.0,10.0,0.4375,0.25,0.3125,0.625,0.3125,26.0,0.8125,0.016408475783475783,18.0,0.5625,0.029115869341563787,18.0,0.5625,0.047453703703703706
2016-02-28 12:24:15,31.0,25.0,1.0,5.0,2.7419354838709675,0.03225806451612903,0.2,9.741935483870968,228.80645161290323,7.0,11.0,13.0,0.22580645161290322,0.3548387096774194,0.41935483870967744,0.6129032258064516,0.3870967741935484,32.0,1.032258064516129,0.12001916956018518,28.0,0.9032258064516129,0.08671337632275132,21.0,0.6774193548387096,0.028316247795414463
2016-02-29 12:24:15,42.0,31.0,0.0,11.0,2.5238095238095237,0.023809523809523808,0.3076923076923077,9.738095238095237,180.78571428571428,10.0,10.0,22.0,0.23809523809523808,0.23809523809523808,0.5238095238095238,0.6190476190476191,0.38095238095238093,40.0,0.9523809523809523,0.05209809027777777,34.0,0.8095238095238095,0.05499046840958605,29.0,0.6904761904761905,0.0771316251596424
2016-03-01 12:24:15,37.0,33.0,0.0,4.0,2.918918918918919,0.0,0.2702702702702703,11.108108108108109,176.48648648648648,9.0,12.0,16.0,0.24324324324324326,0.32432432432432434,0.43243243243243246,0.43243243243243246,0.5675675675675675,37.0,1.0,0.08165822072072072,34.0,0.918918918918919,0.0888667619825708,31.0,0.8378378378378378,0.12457399940262844
2016-03-02 12:24:15,50.0,41.0,0.0,9.0,2.64,0.0,0.14583333333333334,9.68,207.42,20.0,13.0,17.0,0.4,0.26,0.34,0.38,0.62,48.0,0.96,0.06919511959876543,41.0,0.82,0.13286613595302618,28.0,0.56,0.07654265873015874
2016-03-03 12:24:15,32.0,25.0,0.0,7.0,2.40625,0.0,0.2,9.78125,216.625,9.0,7.0,16.0,0.28125,0.21875,0.5,0.53125,0.46875,30.0,0.9375,0.05548688271604938,23.0,0.71875,0.10537892512077295,21.0,0.65625,0.11393904320987655
2016-03-04 12:24:15,36.0,27.0,0.0,9.0,2.5555555555555554,0.027777777777777776,0.2647058823529412,9.833333333333334,169.63888888888889,10.0,10.0,16.0,0.2777777777777778,0.2777777777777778,0.4444444444444444,0.5833333333333334,0.4166666666666667,32.0,0.8888888888888888,0.05726851851851852,25.0,0.6944444444444444,0.07117453703703704,21.0,0.5833333333333334,0.05748511904761904
2016-03-05 12:24:15,39.0,34.0,1.0,4.0,2.5384615384615383,0.0,0.2972972972972973,9.282051282051283,122.94871794871794,16.0,10.0,13.0,0.41025641025641024,0.2564102564102564,0.3333333333333333,0.3333333333333333,0.6666666666666666,40.0,1.0256410256410255,0.12106944444444444,34.0,0.8717948717948718,0.17585920479302833,21.0,0.5384615384615384,0.10668705908289242
2016-03-06 12:24:15,30.0,25.0,0.0,5.0,2.7666666666666666,0.0,0.3,13.066666666666666,256.03333333333336,11.0,4.0,15.0,0.36666666666666664,0.13333333333333333,0.5,0.43333333333333335,0.5666666666666667,27.0,0.9,0.015509259259259259,24.0,0.8,0.01413724922839506,19.0,0.6333333333333333,0.008766447368421052
2016-03-07 12:24:15,35.0,29.0,0.0,6.0,2.7142857142857144,0.0,0.25,7.085714285714285,160.74285714285713,9.0,11.0,15.0,0.2571428571428571,0.3142857142857143,0.42857142857142855,0.4,0.6,32.0,0.9142857142857143,0.13893627025462962,27.0,0.7714285714285715,0.1909979423868313,23.0,0.6571428571428571,0.03165106682769726
2016-03-08 12:24:15,41.0,34.0,0.0,7.0,3.097560975609756,0.0,0.38461538461538464,10.878048780487806,181.4878048780488,15.0,12.0,14.0,0.36585365853658536,0.2926829268292683,0.34146341463414637,0.6585365853658537,0.34146341463414637,38.0,0.926829268292683,0.08822094298245614,31.0,0.7560975609756098,0.0899171146953405,22.0,0.5365853658536586,0.05430239898989899
2016-03-09 12:24:15,40.0,32.0,0.0,8.0,2.625,0.05,0.23076923076923078,10.125,178.15,13.0,9.0,18.0,0.325,0.225,0.45,0.525,0.475,36.0,0.9,0.05548032407407407,34.0,0.85,0.11665509259259259,27.0,0.675,0.10101637517146778
2016-03-10 12:24:15,27.0,19.0,1.0,7.0,2.888888888888889,0.0,0.15384615384615385,7.444444444444445,196.96296296296296,13.0,7.0,7.0,0.48148148148148145,0.25925925925925924,0.25925925925925924,0.4444444444444444,0.5555555555555556,26.0,0.9629629629629629,0.09791755698005698,19.0,0.7037037037037037,0.13921600877192983,13.0,0.48148148148148145,0.10235220797720798
2016-03-11 12:24:15,45.0,37.0,0.0,8.0,2.3777777777777778,0.024390243902439025,0.16666666666666666,9.933333333333334,187.8,17.0,14.0,14.0,0.37777777777777777,0.3111111111111111,0.3111111111111111,0.4,0.6,43.0,0.9555555555555556,0.04376614987080103,33.0,0.7333333333333333,0.04794718013468014,27.0,0.6,0.06729809670781893
2016-03-12 12:24:15,28.0,22.0,0.0,6.0,2.4642857142857144,0.037037037037037035,0.2,8.428571428571429,131.78571428571428,6.0,12.0,10.0,0.21428571428571427,0.42857142857142855,0.35714285714285715,0.42857142857142855,0.5714285714285714,25.0,0.8928571428571429,0.07751157407407408,20.0,0.7142857142857143,0.07569039351851851,15.0,0.5357142857142857,0.016957561728395062
2016-03-13 12:24:15,31.0,24.0,0.0,7.0,2.4193548387096775,0.0,0.26666666666666666,7.451612903225806,202.74193548387098,8.0,12.0,11.0,0.25806451612903225,0.3870967741935484,0.3548387096774194,0.5806451612903226,0.41935483870967744,31.0,1.0,0.03705383811230586,22.0,0.7096774193548387,0.04268781565656565,21.0,0.6774193548387096,0.1131740520282187
2016-03-14 12:24:15,25.0,20.0,1.0,4.0,3.04,0.0,0.48,9.72,148.2,9.0,3.0,13.0,0.36,0.12,0.52,0.44,0.56,25.0,1.0,0.03127777777777778,18.0,0.72,0.06681198559670783,15.0,0.6,0.05663811728395062
2016-03-15 12:24:15,54.0,40.0,0.0,14.0,2.8518518518518516,0.0,0.17647058823529413,7.277777777777778,195.46296296296296,22.0,21.0,11.0,0.4074074074074074,0.3888888888888889,0.2037037037037037,0.4444444444444444,0.5555555555555556,48.0,0.8888888888888888,0.08487895447530865,35.0,0.6481481481481481,0.13091898148148148,25.0,0.46296296296296297,0.066975
2016-03-16 12:24:15,39.0,31.0,0.0,8.0,3.0,0.02631578947368421,0.1388888888888889,6.641025641025641,244.33333333333334,17.0,11.0,11.0,0.4358974358974359,0.28205128205128205,0.28205128205128205,0.48717948717948717,0.5128205128205128,37.0,0.9487179487179487,0.10826482732732734,26.0,0.6666666666666666,0.1632554309116809,17.0,0.4358974358974359,0.1253056917211329
2016-03-17 12:24:15,38.0,27.0,0.0,11.0,2.5,0.08333333333333333,0.21621621621621623,11.105263157894736,151.47368421052633,21.0,8.0,9.0,0.5526315789473685,0.21052631578947367,0.23684210526315788,0.42105263157894735,0.5789473684210527,34.0,0.8947368421052632,0.09673917483660131,27.0,0.7105263157894737,0.15484310699588477,15.0,0.39473684210526316,0.12568904320987653
2016-03-18 12:24:15,25.0,22.0,1.0,2.0,2.52,0.047619047619047616,0.375,6.76,157.04,3.0,15.0,7.0,0.12,0.6,0.28,0.6,0.4,22.0,0.88,0.12833175505050504,16.0,0.64,0.12025245949074075,16.0,0.64,0.17315972222222223
2016-03-19 12:24:15,29.0,25.0,0.0,4.0,2.9310344827586206,0.06896551724137931,0.3076923076923077,6.551724137931035,194.6551724137931,11.0,9.0,9.0,0.3793103448275862,0.3103448275862069,0.3103448275862069,0.41379310344827586,0.5862068965517241,27.0,0.9310344827586207,0.07652391975308642,21.0,0.7241379310344828,0.10265928130511463,17.0,0.5862068965517241,0.10019607843137254
2016-03-20 12:24:15,24.0,24.0,0.0,0.0,2.9583333333333335,0.0,0.13043478260869565,7.583333333333333,184.04166666666666,9.0,5.0,10.0,0.375,0.20833333333333334,0.4166666666666667,0.4583333333333333,0.5416666666666666,23.0,0.9583333333333334,0.020349235104669888,17.0,0.7083333333333334,0.04581290849673202,16.0,0.6666666666666666,0.08834418402777777
2016-03-21 12:24:15,40.0,37.0,0.0,3.0,2.775,0.02564102564102564,0.15384615384615385,11.65,216.25,13.0,12.0,15.0,0.325,0.3,0.375,0.5,0.5,34.0,0.85,0.058558006535947706,27.0,0.675,0.05874099794238684,22.0,0.55,0.02078861531986532
2016-03-22 12:24:15,49.0,41.0,0.0,8.0,2.7142857142857144,0.0,0.18604651162790697,10.040816326530612,150.18367346938774,16.0,16.0,17.0,0.32653061224489793,0.32653061224489793,0.3469387755102041,0.46938775510204084,0.5306122448979592,45.0,0.9183673469387755,0.06789583333333334,37.0,0.7551020408163265,0.09871465215215217,30.0,0.6122448979591837,0.1491875
2016-03-23 12:24:15,38.0,33.0,0.0,5.0,2.9210526315789473,0.0,0.23684210526315788,8.68421052631579,174.47368421052633,17.0,8.0,13.0,0.4473684210526316,0.21052631578947367,0.34210526315789475,0.42105263157894735,0.5789473684210527,34.0,0.8947368421052632,0.07385859204793029,25.0,0.6578947368421053,0.10920277777777779,20.0,0.5263157894736842,0.036959490740740744
2016-03-24 12:24:15,36.0,28.0,0.0,8.0,2.5277777777777777,0.0,0.3235294117647059,8.88888888888889,210.63888888888889,16.0,9.0,11.0,0.4444444444444444,0.25,0.3055555555555556,0.6388888888888888,0.3611111111111111,34.0,0.9444444444444444,0.03551913126361656,28.0,0.7777777777777778,0.09357680224867726,20.0,0.5555555555555556,0.07910011574074075
2016-03-25 12:24:15,37.0,29.0,0.0,8.0,2.675675675675676,0.0,0.1388888888888889,9.18918918918919,181.27027027027026,15.0,10.0,12.0,0.40540540540540543,0.2702702702702703,0.32432432432432434,0.4594594594594595,0.5135135135135135,36.0,0.972972972972973,0.04384098508230453,27.0,0.7297297297297297,0.044618484224965706,20.0,0.5405405405405406,0.05153530092592592
2016-03-26 12:24:15,27.0,17.0,0.0,10.0,2.4444444444444446,0.0,0.3333333333333333,9.74074074074074,137.62962962962962,6.0,6.0,15.0,0.2222222222222222,0.2222222222222222,0.5555555555555556,0.4074074074074074,0.5925925925925926,27.0,1.0,0.01820216049382716,23.0,0.8518518518518519,0.013471719001610307,21.0,0.7777777777777778,0.015598544973544974
2016-03-27 12:24:15,22.0,17.0,1.0,4.0,2.5,0.0,0.5,9.545454545454545,143.04545454545453,7.0,7.0,8.0,0.3181818181818182,0.3181818181818182,0.36363636363636365,0.5454545454545454,0.45454545454545453,21.0,0.9545454545454546,0.08574349647266315,18.0,0.8181818181818182,0.12104038065843621,14.0,0.6363636363636364,0.14495701058201058
2016-03-28 12:24:15,29.0,24.0,0.0,5.0,2.9655172413793105,0.0,0.20689655172413793,8.206896551724139,170.31034482758622,9.0,10.0,10.0,0.3103448275862069,0.3448275862068966,0.3448275862068966,0.6206896551724138,0.3793103448275862,30.0,1.0344827586206897,0.10824845679012345,26.0,0.896551724137931,0.14113737535612536,21.0,0.7241379310344828,0.20247740299823633
2016-03-29 12:24:15,39.0,33.0,0.0,6.0,2.8974358974358974,0.0,0.1891891891891892,7.3076923076923075,181.7948717948718,19.0,9.0,11.0,0.48717948717948717,0.23076923076923078,0.28205128205128205,0.4358974358974359,0.5641025641025641,32.0,0.8205128205128205,0.035824291087962964,24.0,0.6153846153846154,0.057105034722222225,19.0,0.48717948717948717,0.041350511695906436
2016-03-30 12:24:15,39.0,28.0,0.0,11.0,3.051282051282051,0.0,0.18421052631578946,7.717948717948718,145.46153846153845,14.0,13.0,12.0,0.358974358974359,0.3333333333333333,0.3076923076923077,0.5384615384615384,0.46153846153846156,38.0,0.9743589743589743,0.06577180799220272,33.0,0.8461538461538461,0.08464891975308643,24.0,0.6153846153846154,0.06106288580246913
2016-03-31 12:24:15,32.0,27.0,0.0,5.0,3.28125,0.0,0.14285714285714285,17.8125,164.9375,10.0,8.0,14.0,0.3125,0.25,0.4375,0.59375,0.40625,30.0,0.9375,0.06890933641975308,27.0,0.84375,0.0894727366255144,22.0,0.6875,0.0397243265993266
2016-04-01 12:24:15,36.0,28.0,0.0,8.0,2.4166666666666665,0.06060606060606061,0.2727272727272727,6.805555555555555,164.33333333333334,19.0,9.0,8.0,0.5277777777777778,0.25,0.2222222222222222,0.4166666666666667,0.5833333333333334,35.0,0.9722222222222222,0.024186507936507937,26.0,0.7222222222222222,0.12063790954415955,17.0,0.4722222222222222,0.09936342592592592
2016-04-02 12:24:15,27.0,23.0,0.0,4.0,2.4814814814814814,0.0,0.5,8.0,124.0,9.0,5.0,13.0,0.3333333333333333,0.18518518518518517,0.48148148148148145,0.3333333333333333,0.6666666666666666,27.0,1.0,0.09675582990397806,20.0,0.7407407407407407,0.11085532407407407,16.0,0.5925925925925926,0.05826533564814815
2016-04-03 12:24:15,24.0,17.0,0.0,7.0,2.625,0.0,0.17391304347826086,7.75,162.125,10.0,5.0,9.0,0.4166666666666667,0.20833333333333334,0.375,0.5,0.5,24.0,1.0,0.020770640432098763,20.0,0.8333333333333334,0.0596875,14.0,0.5833333333333334,0.054570932539682544
2016-04-04 12:24:15,49.0,40.0,0.0,9.0,2.6530612244897958,0.021739130434782608,0.2608695652173913,10.408163265306122,222.77551020408163,16.0,12.0,21.0,0.32653061224489793,0.24489795918367346,0.42857142857142855,0.46938775510204084,0.5306122448979592,44.0,0.8979591836734694,0.02511311026936027,33.0,0.673469387755102,0.014347643097643099,26.0,0.5306122448979592,0.006882567663817664
2016-04-05 12:24:15,50.0,44.0,1.0,5.0,2.72,0.02,0.17391304347826086,11.36,194.32,18.0,17.0,15.0,0.36,0.34,0.3,0.6,0.4,47.0,0.94,0.05082594562647754,35.0,0.7,0.09900132275132276,29.0,0.58,0.09010097381864624
2016-04-06 12:24:15,39.0,36.0,0.0,3.0,2.6666666666666665,0.02702702702702703,0.19444444444444445,7.128205128205129,146.64102564102564,17.0,11.0,11.0,0.4358974358974359,0.28205128205128205,0.28205128205128205,0.48717948717948717,0.5128205128205128,35.0,0.8974358974358975,0.12314715608465608,21.0,0.5384615384615384,0.1736629188712522,15.0,0.38461538461538464,0.12267515432098765
2016-04-07 12:24:15,31.0,25.0,1.0,5.0,2.5806451612903225,0.03225806451612903,0.16129032258064516,10.03225806451613,122.0,9.0,11.0,11.0,0.2903225806451613,0.3548387096774194,0.3548387096774194,0.3870967741935484,0.6129032258064516,32.0,1.032258064516129,0.05108687789351852,23.0,0.7419354838709677,0.022892512077294685,18.0,0.5806451612903226,0.03502572016460905
2016-04-08 12:24:15,34.0,32.0,0.0,2.0,2.4705882352941178,0.0,0.15151515151515152,18.558823529411764,154.94117647058823,8.0,10.0,16.0,0.23529411764705882,0.29411764705882354,0.47058823529411764,0.47058823529411764,0.5294117647058824,35.0,1.0294117647058822,0.07862863756613757,31.0,0.9117647058823529,0.09962664277180407,26.0,0.7647058823529411,0.05766515313390313
2016-04-09 12:24:15,38.0,29.0,0.0,9.0,3.0526315789473686,0.0,0.2222222222222222,8.894736842105264,138.28947368421052,14.0,13.0,11.0,0.3684210526315789,0.34210526315789475,0.2894736842105263,0.4473684210526316,0.5526315789473685,34.0,0.8947368421052632,0.04668641067538126,28.0,0.7368421052631579,0.07803943452380953,23.0,0.6052631578947368,0.08382548309178744
2016-04-10 12:24:15,32.0,27.0,0.0,5.0,2.9375,0.0,0.3870967741935484,9.25,151.90625,13.0,7.0,12.0,0.40625,0.21875,0.375,0.4375,0.5625,32.0,1.0,0.02320023148148148,26.0,0.8125,0.059446225071225066,21.0,0.65625,0.037080026455026456
2016-04-11 12:24:15,38.0,32.0,0.0,6.0,2.6578947368421053,0.0,0.36363636363636365,7.815789473684211,189.0,14.0,10.0,14.0,0.3684210526315789,0.2631578947368421,0.3684210526315789,0.5263157894736842,0.47368421052631576,35.0,0.9210526315789473,0.032085978835978836,22.0,0.5789473684210527,0.06866529882154881,17.0,0.4473684210526316,0.0707652505446623
2016-04-12 12:24:15,51.0,43.0,2.0,6.0,2.627450980392157,0.0,0.19148936170212766,8.72549019607843,144.0,23.0,17.0,11.0,0.45098039215686275,0.3333333333333333,0.21568627450980393,0.45098039215686275,0.5490196078431373,49.0,0.9607843137254902,0.04295540438397581,29.0,0.5686274509803921,0.06974058109833972,17.0,0.3333333333333333,0.08412990196078432
2016-04-13 12:24:15,32.0,27.0,1.0,4.0,3.0,0.03225806451612903,0.53125,9.34375,132.59375,6.0,11.0,15.0,0.1875,0.34375,0.46875,0.46875,0.53125,30.0,0.9375,0.026709876543209873,24.0,0.75,0.04368441358024692,21.0,0.65625,0.017798170194003527
2016-04-14 12:24:15,37.0,29.0,2.0,6.0,3.054054054054054,0.05555555555555555,0.2857142857142857,9.35135135135135,173.64864864864865,15.0,12.0,10.0,0.40540540540540543,0.32432432432432434,0.2702702702702703,0.5135135135135135,0.4864864864864865,33.0,0.8918918918918919,0.0418567620650954,24.0,0.6486486486486487,0.08320119598765431,14.0,0.3783783783783784,0.041291335978835976
2016-04-15 12:24:15,34.0,30.0,0.0,4.0,2.7058823529411766,0.0,0.3333333333333333,9.970588235294118,126.02941176470588,11.0,9.0,14.0,0.3235294117647059,0.2647058823529412,0.4117647058823529,0.4411764705882353,0.5588235294117647,31.0,0.9117647058823529,0.11049283154121863,23.0,0.6764705882352942,0.06101952495974235,19.0,0.5588235294117647,0.028167641325536064
2016-04-16 12:24:15,31.0,26.0,0.0,5.0,2.5806451612903225,0.0,0.16666666666666666,14.35483870967742,160.32258064516128,6.0,15.0,10.0,0.1935483870967742,0.4838709677419355,0.3225806451612903,0.4838709677419355,0.5161290322580645,32.0,1.032258064516129,0.030054615162037036,26.0,0.8387096774193549,0.0699105235042735,21.0,0.6774193548387096,0.06603229717813051
2016-04-17 12:24:15,37.0,26.0,2.0,9.0,2.5945945945945947,0.08333333333333333,0.2222222222222222,9.837837837837839,157.83783783783784,14.0,11.0,12.0,0.3783783783783784,0.2972972972972973,0.32432432432432434,0.5405405405405406,0.4594594594594595,34.0,0.918918918918919,0.04385246459694989,28.0,0.7567567567567568,0.03958705357142857,21.0,0.5675675675675675,0.07073522927689593
2016-04-18 12:24:15,36.0,29.0,0.0,7.0,2.75,0.05714285714285714,0.4,9.583333333333334,140.75,14.0,6.0,16.0,0.3888888888888889,0.16666666666666666,0.4444444444444444,0.4166666666666667,0.5833333333333334,35.0,0.9722222222222222,0.04586772486772487,28.0,0.7777777777777778,0.07491112764550265,21.0,0.5833333333333334,0.05972167107583774
2016-04-19 12:24:15,50.0,43.0,0.0,7.0,3.2,0.022727272727272728,0.2391304347826087,8.12,158.8,21.0,16.0,13.0,0.42,0.32,0.26,0.44,0.56,45.0,0.9,0.025613683127572017,30.0,0.6,0.05771527777777778,24.0,0.48,0.04295862268518519
2016-04-20 12:24:15,38.0,31.0,1.0,6.0,2.6052631578947367,0.02631578947368421,0.1891891891891892,11.657894736842104,172.89473684210526,12.0,12.0,14.0,0.3157894736842105,0.3157894736842105,0.3684210526315789,0.6052631578947368,0.39473684210526316,39.0,1.0263157894736843,0.021848290598290597,27.0,0.7105263157894737,0.05415337791495199,21.0,0.5526315789473685,0.08623511904761905
2016-04-21 12:24:15,32.0,26.0,1.0,5.0,2.90625,0.10344827586206896,0.25,6.6875,199.5625,13.0,7.0,12.0,0.40625,0.21875,0.375,0.65625,0.34375,32.0,1.0,0.05821144386574074,25.0,0.78125,0.05438472222222222,15.0,0.46875,0.0022685185185185187
2016-04-22 12:24:15,35.0,33.0,0.0,2.0,2.7714285714285714,0.0,0.3333333333333333,8.371428571428572,96.28571428571429,7.0,11.0,17.0,0.2,0.3142857142857143,0.4857142857142857,0.34285714285714286,0.6571428571428571,32.0,0.9142857142857143,0.08298791956018518,27.0,0.7714285714285715,0.10204175240054869,24.0,0.6857142857142857,0.030086323302469138
2016-04-23 12:24:15,36.0,29.0,3.0,4.0,2.4444444444444446,0.0,0.21212121212121213,10.444444444444445,168.47222222222223,13.0,9.0,14.0,0.3611111111111111,0.25,0.3888888888888889,0.5833333333333334,0.4166666666666667,34.0,0.9444444444444444,0.019216367102396513,27.0,0.75,0.05898533950617284,21.0,0.5833333333333334,0.05145888447971782
2016-04-24 12:24:15,17.0,16.0,0.0,1.0,3.0,0.0,0.23529411764705882,11.764705882352942,90.17647058823529,5.0,4.0,8.0,0.29411764705882354,0.23529411764705882,0.47058823529411764,0.47058823529411764,0.5294117647058824,18.0,1.0588235294117647,0.08134773662551441,13.0,0.7647058823529411,0.08885505698005698,14.0,0.8235294117647058,0.13547619047619047
2016-04-25 12:24:15,35.0,27.0,2.0,6.0,2.5142857142857142,0.0,0.25,11.885714285714286,217.9142857142857,7.0,9.0,19.0,0.2,0.2571428571428571,0.5428571428571428,0.37142857142857144,0.6285714285714286,32.0,0.9142857142857143,0.015703486689814816,26.0,0.7428571428571429,0.0440727386039886,23.0,0.6571428571428571,0.04592190016103059
2016-04-26 12:24:15,34.0,27.0,0.0,7.0,2.6176470588235294,0.0625,0.3125,8.264705882352942,95.76470588235294,14.0,10.0,10.0,0.4117647058823529,0.29411764705882354,0.29411764705882354,0.4411764705882353,0.5588235294117647,31.0,0.9117647058823529,0.05013440860215054,19.0,0.5588235294117647,0.06405884502923977,13.0,0.38235294117647056,0.020542200854700855
2016-04-27 12:24:15,32.0,21.0,1.0,10.0,2.5625,0.03333333333333333,0.2,11.8125,141.78125,11.0,8.0,13.0,0.34375,0.25,0.40625,0.46875,0.53125,31.0,0.96875,0.07026508363201912,26.0,0.8125,0.11882122507122507,20.0,0.625,0.05115624999999999
2016-04-28 12:24:15,37.0,27.0,4.0,6.0,3.135135135135135,0.027777777777777776,0.21212121212121213,7.648648648648648,163.97297297297297,20.0,9.0,8.0,0.5405405405405406,0.24324324324324326,0.21621621621621623,0.4594594594594595,0.5405405405405406,34.0,0.918918918918919,0.03354234749455338,20.0,0.5405405405405406,0.06290162037037036,15.0,0.40540540540540543,0.11622608024691357
2016-04-29 12:24:15,30.0,27.0,0.0,3.0,3.933333333333333,0.0,0.1724137931034483,12.066666666666666,152.53333333333333,11.0,6.0,13.0,0.36666666666666664,0.2,0.43333333333333335,0.4,0.6,29.0,0.9666666666666667,0.13596583652618136,29.0,0.9666666666666667,0.2287160759897829,20.0,0.6666666666666666,0.18410011574074073
2016-04-30 12:24:15,26.0,22.0,0.0,4.0,2.769230769230769,0.08333333333333333,0.4166666666666667,12.192307692307692,112.5,11.0,1.0,14.0,0.4230769230769231,0.038461538461538464,0.5384615384615384,0.23076923076923078,0.7692307692307693,26.0,1.0,0.015911680911680912,21.0,0.8076923076923077,0.01316247795414462,17.0,0.6538461538461539,0.058872549019607846
2016-05-01 12:24:15,24.0,22.0,0.0,2.0,2.7916666666666665,0.0,0.2631578947368421,7.125,146.66666666666666,7.0,9.0,8.0,0.2916666666666667,0.375,0.3333333333333333,0.5833333333333334,0.4166666666666667,23.0,0.9583333333333334,0.01870823268921095,16.0,0.6666666666666666,0.03357566550925926,16.0,0.6666666666666666,0.03239872685185185
2016-05-02 12:24:15,46.0,38.0,2.0,6.0,2.6739130434782608,0.023255813953488372,0.2926829268292683,9.934782608695652,142.1086956521739,13.0,12.0,21.0,0.2826086956521739,0.2608695652173913,0.45652173913043476,0.5217391304347826,0.4782608695652174,44.0,0.9565217391304348,0.06450205176767677,35.0,0.7608695652173914,0.06596990740740741,29.0,0.6304347826086957,0.04494931353767561
2016-05-03 12:24:15,47.0,40.0,0.0,7.0,3.0425531914893615,0.022727272727272728,0.11904761904761904,10.148936170212766,128.85106382978722,13.0,19.0,15.0,0.2765957446808511,0.40425531914893614,0.3191489361702128,0.46808510638297873,0.5319148936170213,39.0,0.8297872340425532,0.031161265432098767,23.0,0.48936170212765956,0.08244162640901771,20.0,0.425531914893617,0.10234027777777778
2016-05-04 12:24:15,56.0,52.0,0.0,4.0,2.5357142857142856,0.037037037037037035,0.2549019607843137,10.232142857142858,203.33928571428572,19.0,14.0,23.0,0.3392857142857143,0.25,0.4107142857142857,0.48214285714285715,0.5178571428571429,57.0,1.0178571428571428,0.029141691033138403,38.0,0.6785714285714286,0.03754599171539961,31.0,0.5535714285714286,0.04222931600955794
2016-05-05 12:24:15,48.0,38.0,0.0,10.0,2.6666666666666665,0.06666666666666667,0.24444444444444444,9.833333333333334,151.4375,13.0,13.0,22.0,0.2708333333333333,0.2708333333333333,0.4583333333333333,0.6041666666666666,0.3958333333333333,47.0,0.9791666666666666,0.023982220252167064,37.0,0.7708333333333334,0.03641016016016016,31.0,0.6458333333333334,0.03906362007168459
2016-05-06 12:24:15,27.0,26.0,0.0,1.0,2.7777777777777777,0.0,0.36,9.62962962962963,162.25925925925927,6.0,8.0,13.0,0.2222222222222222,0.2962962962962963,0.48148148148148145,0.5185185185185185,0.48148148148148145,26.0,0.9629629629629629,0.059076299857549856,26.0,0.9629629629629629,0.12655715811965812,20.0,0.7407407407407407,0.06379340277777777
2016-05-07 12:24:15,27.0,24.0,2.0,1.0,3.3333333333333335,0.0,0.30434782608695654,10.851851851851851,160.77777777777777,7.0,12.0,8.0,0.25925925925925924,0.4444444444444444,0.2962962962962963,0.4074074074074074,0.5925925925925926,24.0,0.8888888888888888,0.024405381944444443,18.0,0.6666666666666666,0.05905928497942387,15.0,0.5555555555555556,0.06432716049382717
2016-05-08 12:24:15,24.0,22.0,0.0,2.0,2.3333333333333335,0.043478260869565216,0.22727272727272727,13.791666666666666,166.04166666666666,2.0,14.0,8.0,0.08333333333333333,0.5833333333333334,0.3333333333333333,0.5833333333333334,0.4166666666666667,23.0,0.9583333333333334,0.024029287439613526,21.0,0.875,0.06305610670194003,19.0,0.7916666666666666,0.06589546783625731
2016-05-09 12:24:15,49.0,40.0,3.0,6.0,2.4285714285714284,0.041666666666666664,0.18181818181818182,9.16326530612245,213.30612244897958,15.0,17.0,17.0,0.30612244897959184,0.3469387755102041,0.3469387755102041,0.4897959183673469,0.5102040816326531,45.0,0.9183673469387755,0.024637088477366256,39.0,0.7959183673469388,0.10250237416904084,27.0,0.5510204081632653,0.07190457818930042
2016-05-10 12:24:15,45.0,35.0,2.0,8.0,2.511111111111111,0.0,0.23076923076923078,11.911111111111111,160.48888888888888,12.0,11.0,22.0,0.26666666666666666,0.24444444444444444,0.4888888888888889,0.5333333333333333,0.4666666666666667,44.0,0.9777777777777777,0.03986637205387206,36.0,0.8,0.08320569701646091,31.0,0.6888888888888889,0.09193884408602152
2016-05-11 12:24:15,47.0,36.0,2.0,9.0,2.595744680851064,0.0,0.2,7.404255319148936,214.29787234042553,20.0,8.0,19.0,0.425531914893617,0.1702127659574468,0.40425531914893614,0.48936170212765956,0.5106382978723404,44.0,0.9361702127659575,0.03525462962962963,32.0,0.6808510638297872,0.029839409722222224,23.0,0.48936170212765956,0.033107890499194846
2016-05-12 12:24:15,45.0,34.0,0.0,11.0,2.5555555555555554,0.023255813953488372,0.30952380952380953,9.333333333333334,197.93333333333334,9.0,16.0,20.0,0.2,0.35555555555555557,0.4444444444444444,0.4222222222222222,0.5777777777777777,41.0,0.9111111111111111,0.05812161246612466,35.0,0.7777777777777778,0.06324140211640211,32.0,0.7111111111111111,0.05561848958333333
2016-05-13 12:24:15,38.0,32.0,1.0,5.0,2.9210526315789473,0.02702702702702703,0.2972972972972973,8.605263157894736,187.05263157894737,13.0,10.0,15.0,0.34210526315789475,0.2631578947368421,0.39473684210526316,0.2894736842105263,0.7105263157894737,38.0,1.0,0.03690759015594542,34.0,0.8947368421052632,0.05327410130718954,24.0,0.631578947368421,0.058595679012345685
2016-05-14 12:24:15,31.0,25.0,0.0,6.0,3.3548387096774195,0.0,0.2962962962962963,7.612903225806452,219.03225806451613,10.0,11.0,10.0,0.3225806451612903,0.3548387096774194,0.3225806451612903,0.5806451612903226,0.41935483870967744,28.0,0.9032258064516129,0.021323164682539683,23.0,0.7419354838709677,0.07472826086956522,18.0,0.5806451612903226,0.09346386316872428
2016-05-15 12:24:15,25.0,19.0,0.0,6.0,2.68,0.0,0.3,9.36,234.12,8.0,5.0,12.0,0.32,0.2,0.48,0.56,0.44,25.0,1.0,0.014001851851851852,23.0,0.92,0.014676429146537842,19.0,0.76,0.02628106725146199
2016-05-16 12:24:15,39.0,31.0,1.0,7.0,2.769230769230769,0.02564102564102564,0.23076923076923078,9.435897435897436,183.07692307692307,10.0,11.0,18.0,0.2564102564102564,0.28205128205128205,0.46153846153846156,0.6410256410256411,0.358974358974359,35.0,0.8974358974358975,0.10886474867724867,28.0,0.717948717948718,0.14979166666666666,26.0,0.6666666666666666,0.11891292735042736
2016-05-17 12:24:15,45.0,37.0,0.0,8.0,2.533333333333333,0.0,0.23255813953488372,9.88888888888889,165.53333333333333,18.0,11.0,16.0,0.4,0.24444444444444444,0.35555555555555557,0.37777777777777777,0.6222222222222222,43.0,0.9555555555555556,0.07509555340223945,28.0,0.6222222222222222,0.09929191468253969,23.0,0.5111111111111111,0.03103713768115942
2016-05-18 12:24:15,51.0,42.0,0.0,9.0,2.607843137254902,0.0,0.3111111111111111,6.8431372549019605,173.19607843137254,21.0,8.0,22.0,0.4117647058823529,0.1568627450980392,0.43137254901960786,0.35294117647058826,0.6470588235294118,42.0,0.8235294117647058,0.03765928130511464,32.0,0.6274509803921569,0.10402741608796297,28.0,0.5490196078431373,0.0745200892857143
2016-05-19 12:24:15,51.0,43.0,0.0,8.0,2.4313725490196076,0.0,0.4222222222222222,8.96078431372549,178.64705882352942,21.0,9.0,21.0,0.4117647058823529,0.17647058823529413,0.4117647058823529,0.4117647058823529,0.5882352941176471,53.0,1.0392156862745099,0.04015089972047519,39.0,0.7647058823529411,0.05578733380816714,26.0,0.5098039215686274,0.05554086538461539
2016-05-20 12:24:15,45.0,41.0,1.0,3.0,2.9555555555555557,0.022222222222222223,0.22727272727272727,9.755555555555556,167.51111111111112,16.0,10.0,19.0,0.35555555555555557,0.2222222222222222,0.4222222222222222,0.4444444444444444,0.5555555555555556,42.0,0.9333333333333333,0.07117449294532628,37.0,0.8222222222222222,0.0707032032032032,26.0,0.5777777777777777,0.02650329415954416
2016-05-21 12:24:15,24.0,23.0,0.0,1.0,2.9583333333333335,0.0,0.4166666666666667,8.583333333333334,151.70833333333334,6.0,8.0,10.0,0.25,0.3333333333333333,0.4166666666666667,0.5,0.5,23.0,0.9583333333333334,0.02636171497584541,23.0,0.9583333333333334,0.10498339371980676,17.0,0.7083333333333334,0.07205269607843137
2016-05-22 12:24:15,38.0,32.0,0.0,6.0,2.9210526315789473,0.08108108108108109,0.2222222222222222,9.842105263157896,194.47368421052633,7.0,11.0,20.0,0.18421052631578946,0.2894736842105263,0.5263157894736842,0.5263157894736842,0.47368421052631576,33.0,0.868421052631579,0.011281565656565656,32.0,0.8421052631578947,0.02726490162037037,26.0,0.6842105263157895,0.024714209401709403
2016-05-23 12:24:15,42.0,38.0,0.0,4.0,2.8333333333333335,0.0,0.3076923076923077,13.214285714285714,169.92857142857142,9.0,12.0,21.0,0.21428571428571427,0.2857142857142857,0.5,0.47619047619047616,0.5238095238095238,40.0,0.9523809523809523,0.04649508101851852,33.0,0.7857142857142857,0.08568813131313131,29.0,0.6904761904761905,0.03050766283524904
2016-05-24 12:24:15,47.0,35.0,3.0,9.0,3.021276595744681,0.022222222222222223,0.35714285714285715,8.53191489361702,183.04255319148936,19.0,11.0,17.0,0.40425531914893614,0.23404255319148937,0.3617021276595745,0.46808510638297873,0.5319148936170213,45.0,0.9574468085106383,0.09908899176954732,30.0,0.6382978723404256,0.13584953703703703,21.0,0.44680851063829785,0.03628196649029982
2016-05-25 12:24:15,46.0,42.0,0.0,4.0,2.5652173913043477,0.021739130434782608,0.21428571428571427,8.434782608695652,233.8695652173913,22.0,7.0,17.0,0.4782608695652174,0.15217391304347827,0.3695652173913043,0.43478260869565216,0.5652173913043478,41.0,0.8913043478260869,0.04762731481481482,38.0,0.8260869565217391,0.116078216374269,26.0,0.5652173913043478,0.1160105056980057
2016-05-26 12:24:15,46.0,40.0,0.0,6.0,2.760869565217391,0.046511627906976744,0.35,6.456521739130435,172.34782608695653,16.0,7.0,23.0,0.34782608695652173,0.15217391304347827,0.5,0.4782608695652174,0.5217391304347826,43.0,0.9347826086956522,0.026699235572782084,33.0,0.717391304347826,0.081177398989899,30.0,0.6521739130434783,0.0907662037037037
2016-05-27 12:24:15,30.0,21.0,1.0,8.0,3.3333333333333335,0.0,0.35714285714285715,9.3,127.86666666666666,5.0,9.0,16.0,0.16666666666666666,0.3,0.5333333333333333,0.6333333333333333,0.36666666666666664,29.0,0.9666666666666667,0.05450949872286079,22.0,0.7333333333333333,0.062407933501683506,21.0,0.7,0.08288635361552028
2016-05-28 12:24:15,35.0,28.0,4.0,3.0,2.657142857142857,0.03125,0.40625,11.742857142857142,167.6,11.0,7.0,17.0,0.3142857142857143,0.2,0.4857142857142857,0.5428571428571428,0.45714285714285713,32.0,0.9142857142857143,0.07162977430555556,26.0,0.7428571428571429,0.05071180555555556,22.0,0.6285714285714286,0.028799452861952863
2016-05-29 12:24:15,18.0,15.0,0.0,3.0,2.5,0.0,0.4117647058823529,8.666666666666666,177.11111111111111,3.0,4.0,11.0,0.16666666666666666,0.2222222222222222,0.6111111111111112,0.6111111111111112,0.3888888888888889,17.0,0.9444444444444444,0.013756127450980392,14.0,0.7777777777777778,0.003969907407407407,14.0,0.7777777777777778,0.005525793650793651
2016-05-30 12:24:15,20.0,18.0,0.0,2.0,3.1,0.05,0.2631578947368421,7.4,155.25,6.0,7.0,7.0,0.3,0.35,0.35,0.4,0.6,16.0,0.8,0.038464988425925925,13.0,0.65,0.044583333333333336,9.0,0.45,0.03379758230452675
2016-05-31 12:24:15,36.0,30.0,0.0,6.0,2.9166666666666665,0.0,0.29411764705882354,9.833333333333334,216.94444444444446,15.0,8.0,13.0,0.4166666666666667,0.2222222222222222,0.3611111111111111,0.4722222222222222,0.5277777777777778,34.0,0.9444444444444444,0.030842864923747278,23.0,0.6388888888888888,0.08844756441223832,18.0,0.5,0.0148681841563786
2016-06-01 12:24:15,51.0,42.0,0.0,9.0,3.019607843137255,0.02,0.10416666666666667,8.098039215686274,174.6078431372549,18.0,13.0,20.0,0.35294117647058826,0.2549019607843137,0.39215686274509803,0.29411764705882354,0.7058823529411765,47.0,0.9215686274509803,0.028297626083530338,39.0,0.7647058823529411,0.051230413105413104,28.0,0.5490196078431373,0.013487103174603174
2016-06-02 12:24:15,51.0,44.0,0.0,7.0,2.8627450980392157,0.02040816326530612,0.28888888888888886,13.07843137254902,169.7450980392157,15.0,13.0,23.0,0.29411764705882354,0.2549019607843137,0.45098039215686275,0.5882352941176471,0.4117647058823529,50.0,0.9803921568627451,0.1141224537037037,43.0,0.8431372549019608,0.13847033807062878,32.0,0.6274509803921569,0.07550202546296296
2016-06-03 12:24:15,41.0,36.0,0.0,5.0,3.4634146341463414,0.0,0.2702702702702703,9.926829268292684,206.53658536585365,14.0,9.0,18.0,0.34146341463414637,0.21951219512195122,0.43902439024390244,0.3170731707317073,0.6829268292682927,38.0,0.926829268292683,0.08487542641325536,29.0,0.7073170731707317,0.051264367816091956,23.0,0.5609756097560976,0.041366243961352654
2016-06-04 12:24:15,24.0,21.0,0.0,3.0,2.7083333333333335,0.0,0.125,7.625,159.95833333333334,9.0,8.0,7.0,0.375,0.3333333333333333,0.2916666666666667,0.2916666666666667,0.7083333333333334,24.0,1.0,0.026787712191358025,17.0,0.7083333333333334,0.03614106753812636,16.0,0.6666666666666666,0.10114221643518519
2016-06-05 12:24:15,29.0,23.0,1.0,5.0,3.0689655172413794,0.037037037037037035,0.2222222222222222,12.379310344827585,223.31034482758622,10.0,4.0,15.0,0.3448275862068966,0.13793103448275862,0.5172413793103449,0.3793103448275862,0.6206896551724138,28.0,0.9655172413793104,0.05530009920634921,23.0,0.7931034482758621,0.06344907407407407,17.0,0.5862068965517241,0.010498366013071895
2016-06-06 12:24:15,31.0,29.0,0.0,2.0,3.4838709677419355,0.0,0.23333333333333334,9.096774193548388,194.41935483870967,8.0,10.0,13.0,0.25806451612903225,0.3225806451612903,0.41935483870967744,0.2903225806451613,0.7096774193548387,25.0,0.8064516129032258,0.057968518518518516,20.0,0.6451612903225806,0.10328356481481482,17.0,0.5483870967741935,0.0915897331154684
2016-06-07 12:24:15,56.0,36.0,2.0,18.0,2.8392857142857144,0.0,0.19148936170212766,8.392857142857142,215.08928571428572,20.0,14.0,22.0,0.35714285714285715,0.25,0.39285714285714285,0.5535714285714286,0.44642857142857145,54.0,0.9642857142857143,0.07621699245541838,41.0,0.7321428571428571,0.06033056684733514,33.0,0.5892857142857143,0.07177925084175084
2016-06-08 12:24:15,44.0,38.0,0.0,6.0,2.590909090909091,0.04878048780487805,0.2682926829268293,8.795454545454545,190.77272727272728,13.0,16.0,15.0,0.29545454545454547,0.36363636363636365,0.3409090909090909,0.6590909090909091,0.3409090909090909,43.0,0.9772727272727273,0.09357854220499569,32.0,0.7272727272727273,0.129912109375,25.0,0.5681818181818182,0.11002314814814815
2016-06-09 12:24:15,32.0,29.0,0.0,3.0,2.4375,0.0,0.3225806451612903,13.21875,214.15625,14.0,1.0,17.0,0.4375,0.03125,0.53125,0.4375,0.5625,30.0,0.9375,0.0613858024691358,33.0,1.03125,0.10716400112233444,23.0,0.71875,0.07376811594202898
2016-06-10 12:24:15,38.0,31.0,0.0,7.0,2.763157894736842,0.0,0.2857142857142857,8.68421052631579,154.47368421052633,9.0,14.0,15.0,0.23684210526315788,0.3684210526315789,0.39473684210526316,0.5789473684210527,0.42105263157894735,36.0,0.9473684210526315,0.05997781635802469,26.0,0.6842105263157895,0.07152688746438747,25.0,0.6578947368421053,0.04352962962962963
2016-06-11 12:24:15,33.0,26.0,0.0,7.0,3.0,0.0,0.3939393939393939,9.636363636363637,183.54545454545453,6.0,10.0,17.0,0.18181818181818182,0.30303030303030304,0.5151515151515151,0.48484848484848486,0.5151515151515151,33.0,1.0,0.08425224466891133,24.0,0.7272727272727273,0.09725260416666667,22.0,0.6666666666666666,0.10172032828282829
2016-06-12 12:24:15,20.0,14.0,0.0,6.0,2.55,0.0,0.35,11.0,241.0,3.0,6.0,11.0,0.15,0.3,0.55,0.6,0.4,18.0,0.9,0.010309927983539096,16.0,0.8,0.011222511574074074,15.0,0.75,0.010751543209876542
2016-06-13 12:24:15,29.0,25.0,0.0,4.0,3.0689655172413794,0.034482758620689655,0.4074074074074074,8.931034482758621,208.51724137931035,5.0,7.0,17.0,0.1724137931034483,0.2413793103448276,0.5862068965517241,0.5517241379310345,0.4482758620689655,27.0,0.9310344827586207,0.018872170781893006,24.0,0.8275862068965517,0.019067804783950617,21.0,0.7241379310344828,0.02125110229276896
2016-06-14 12:24:15,37.0,30.0,0.0,7.0,3.4594594594594597,0.027777777777777776,0.29411764705882354,6.648648648648648,205.05405405405406,21.0,1.0,15.0,0.5675675675675675,0.02702702702702703,0.40540540540540543,0.5945945945945946,0.40540540540540543,35.0,0.9459459459459459,0.02640443121693122,27.0,0.7297297297297297,0.05665509259259259,16.0,0.43243243243243246,0.014169560185185184
2016-06-15 12:24:15,37.0,29.0,0.0,8.0,2.6216216216216215,0.0,0.23529411764705882,10.567567567567568,186.0,6.0,9.0,22.0,0.16216216216216217,0.24324324324324326,0.5945945945945946,0.4864864864864865,0.5135135135135135,36.0,0.972972972972973,0.02309445730452675,30.0,0.8108108108108109,0.06315123456790123,27.0,0.7297297297297297,0.07001028806584361
2016-06-16 12:24:15,34.0,29.0,0.0,5.0,3.0294117647058822,0.030303030303030304,0.2727272727272727,8.558823529411764,250.2058823529412,12.0,7.0,15.0,0.35294117647058826,0.20588235294117646,0.4411764705882353,0.4117647058823529,0.5882352941176471,36.0,1.0588235294117647,0.06367444701646091,28.0,0.8235294117647058,0.07234044312169312,21.0,0.6176470588235294,0.055996472663139334
2016-06-17 12:24:15,39.0,30.0,0.0,9.0,2.2564102564102564,0.0,0.18421052631578946,10.871794871794872,193.35897435897436,11.0,8.0,20.0,0.28205128205128205,0.20512820512820512,0.5128205128205128,0.48717948717948717,0.48717948717948717,38.0,0.9743589743589743,0.06524244639376219,31.0,0.7948717948717948,0.07784348864994027,26.0,0.6666666666666666,0.04495815527065527
2016-06-18 12:24:15,28.0,20.0,0.0,8.0,2.0357142857142856,0.0,0.34615384615384615,11.178571428571429,184.57142857142858,4.0,8.0,16.0,0.14285714285714285,0.2857142857142857,0.5714285714285714,0.5714285714285714,0.42857142857142855,26.0,0.9285714285714286,0.06410701566951567,26.0,0.9285714285714286,0.08522569444444444,23.0,0.8214285714285714,0.10291716988727859
2016-06-19 12:24:15,28.0,22.0,0.0,6.0,2.892857142857143,0.0,0.21428571428571427,8.285714285714286,234.35714285714286,8.0,4.0,16.0,0.2857142857142857,0.14285714285714285,0.5714285714285714,0.5357142857142857,0.4642857142857143,28.0,1.0,0.019919808201058202,22.0,0.7857142857142857,0.012231165824915825,19.0,0.6785714285714286,0.04509990253411306
2016-06-20 12:24:15,30.0,26.0,0.0,4.0,2.966666666666667,0.03571428571428571,0.37037037037037035,11.233333333333333,252.73333333333332,10.0,6.0,14.0,0.3333333333333333,0.2,0.4666666666666667,0.4666666666666667,0.5333333333333333,28.0,0.9333333333333333,0.0475760582010582,25.0,0.8333333333333334,0.06442083333333333,19.0,0.6333333333333333,0.05658747563352827
2016-06-21 12:24:15,50.0,41.0,0.0,9.0,2.82,0.020833333333333332,0.20833333333333334,9.18,170.08,16.0,12.0,22.0,0.32,0.24,0.44,0.4,0.6,48.0,0.96,0.08301576967592593,37.0,0.74,0.07653716216216216,30.0,0.6,0.07398804012345679
2016-06-22 12:24:15,45.0,30.0,2.0,13.0,2.2,0.0,0.16216216216216217,12.488888888888889,180.86666666666667,13.0,12.0,20.0,0.28888888888888886,0.26666666666666666,0.4444444444444444,0.5111111111111111,0.4888888888888889,43.0,0.9555555555555556,0.09119912790697675,41.0,0.9111111111111111,0.19913900180668473,36.0,0.8,0.14461355452674898
2016-06-23 12:24:15,45.0,42.0,1.0,2.0,2.933333333333333,0.0,0.21428571428571427,12.311111111111112,174.6,11.0,8.0,26.0,0.24444444444444444,0.17777777777777778,0.5777777777777777,0.5333333333333333,0.4666666666666667,46.0,1.0222222222222221,0.04372735507246377,38.0,0.8444444444444444,0.0439239156920078,34.0,0.7555555555555555,0.04761403867102396
2016-06-24 12:24:15,45.0,36.0,0.0,9.0,2.7555555555555555,0.046511627906976744,0.3333333333333333,8.377777777777778,185.62222222222223,10.0,9.0,26.0,0.2222222222222222,0.2,0.5777777777777777,0.6444444444444445,0.35555555555555557,44.0,0.9777777777777777,0.01904698021885522,41.0,0.9111111111111111,0.07279245709123758,37.0,0.8222222222222222,0.09903121871871871
2016-06-25 12:24:15,26.0,16.0,0.0,10.0,2.5,0.0,0.25,7.384615384615385,219.65384615384616,9.0,1.0,16.0,0.34615384615384615,0.038461538461538464,0.6153846153846154,0.3076923076923077,0.6923076923076923,25.0,0.9615384615384616,0.012157870370370371,22.0,0.8461538461538461,0.036042718855218855,17.0,0.6538461538461539,0.004850217864923748
2016-06-26 12:24:15,24.0,19.0,0.0,5.0,2.5833333333333335,0.041666666666666664,0.25,10.5,138.16666666666666,4.0,2.0,18.0,0.16666666666666666,0.08333333333333333,0.75,0.2916666666666667,0.7083333333333334,24.0,1.0,0.015758101851851853,22.0,0.9166666666666666,0.01653882575757576,21.0,0.875,0.030102513227513224
2016-06-27 12:24:15,30.0,23.0,0.0,7.0,2.7,0.0,0.20689655172413793,10.166666666666666,230.96666666666667,8.0,9.0,13.0,0.26666666666666666,0.3,0.43333333333333335,0.5666666666666667,0.43333333333333335,28.0,0.9333333333333333,0.0626984126984127,22.0,0.7333333333333333,0.07842276936026936,20.0,0.6666666666666666,0.08377083333333334
2016-06-28 12:24:15,45.0,38.0,0.0,7.0,2.6222222222222222,0.025,0.06818181818181818,12.733333333333333,205.6888888888889,18.0,12.0,15.0,0.4,0.26666666666666666,0.3333333333333333,0.5333333333333333,0.4666666666666667,43.0,0.9555555555555556,0.02877826227390181,32.0,0.7111111111111111,0.06351671006944444,24.0,0.5333333333333333,0.06504002700617284
2016-06-29 12:24:15,50.0,36.0,6.0,8.0,2.48,0.0425531914893617,0.29545454545454547,10.54,174.66,14.0,10.0,26.0,0.28,0.2,0.52,0.38,0.62,47.0,0.94,0.020737785657998425,42.0,0.84,0.028483245149911813,30.0,0.6,0.005852237654320988
2016-06-30 12:24:15,39.0,28.0,1.0,10.0,2.5128205128205128,0.0,0.2702702702702703,10.64102564102564,223.17948717948718,9.0,12.0,18.0,0.23076923076923078,0.3076923076923077,0.46153846153846156,0.48717948717948717,0.5128205128205128,39.0,1.0,0.054587191358024686,31.0,0.7948717948717948,0.06454562425328554,28.0,0.717948717948718,0.05963624338624338
