date,total_listings,total_inquiries,total_replies,total_accepted,total_bookings,contact_me_rate,book_it_rate,instant_book_rate,guest_return_rate,guest_message_rate,words_in_guest_profile,reply_rate,reply_time,accepted_rate,accepted_time,reply_conversion_rate,accepted_conversion_rate,booking_rate,booking_time,listing_rate,interaction
2016-01-02,0.0,56.0,47.0,31.0,26.0,0.3392857142857143,0.30357142857142855,0.35714285714285715,0.4727272727272727,220.375,9.892857142857142,0.8392857142857143,0.02630787037037037,0.5535714285714286,0.17693287037037037,0.5531914893617021,0.8387096774193549,0.4642857142857143,0.1439814814814815,1.018181818181818,4.576576576576577
2016-01-03,0.0,119.0,99.0,65.0,44.0,0.42016806722689076,0.3697478991596639,0.21008403361344538,0.4954954954954955,168.2941176470588,10.815126050420169,0.8319327731092437,0.04064814814814815,0.5462184873949579,0.05402777777777778,0.4444444444444444,0.676923076923077,0.3697478991596639,0.07175925925925926,1.009009009009009,5.541284403669724
2016-01-04,0.0,123.0,101.0,60.0,52.0,0.3983739837398374,0.3333333333333333,0.2682926829268293,0.4067796610169492,221.08943089430895,8.170731707317072,0.8211382113821138,0.0437962962962963,0.4878048780487805,0.16159722222222223,0.5148514851485149,0.8666666666666667,0.42276422764227645,0.14344907407407406,0.9915254237288136,3.774891774891775
2016-01-05,0.0,190.0,146.0,85.0,54.0,0.5473684210526316,0.29473684210526313,0.15789473684210525,0.3872832369942196,218.82105263157894,9.594736842105263,0.7684210526315789,0.041747685185185186,0.4473684210526316,0.2375,0.3698630136986301,0.6352941176470588,0.28421052631578947,0.26033564814814814,1.0346820809248556,4.538690476190476
2016-01-06,0.0,227.0,185.0,107.0,67.0,0.5991189427312775,0.22026431718061673,0.18061674008810572,0.3786407766990291,188.5066079295154,11.45374449339207,0.8149779735682819,0.037905092592592594,0.4713656387665198,0.07827546296296296,0.3621621621621622,0.6261682242990654,0.29515418502202645,0.09466435185185185,1.0388349514563107,3.5525
2016-01-07,0.0,262.0,207.0,102.0,63.0,0.6259541984732825,0.24427480916030533,0.1297709923664122,0.4043478260869565,190.44274809160305,9.041984732824428,0.7900763358778626,0.0441087962962963,0.3893129770992366,0.21881944444444446,0.30434782608695654,0.6176470588235294,0.24045801526717558,0.18614583333333334,1.0260869565217392,3.909502262443439
2016-01-08,0.0,240.0,197.0,107.0,73.0,0.5083333333333333,0.31666666666666665,0.175,0.38073394495412843,196.5375,6.575,0.8208333333333333,0.03326388888888889,0.44583333333333336,0.22761574074074073,0.37055837563451777,0.6822429906542056,0.30416666666666664,0.21828703703703703,1.0275229357798166,4.696385542168675
2016-01-09,0.0,193.0,150.0,96.0,70.0,0.5025906735751295,0.3160621761658031,0.18134715025906736,0.41040462427745666,216.59585492227978,8.181347150259068,0.7772020725388601,0.03722222222222222,0.49740932642487046,0.17693287037037037,0.4666666666666667,0.7291666666666666,0.3626943005181347,0.16618055555555555,1.0578034682080926,4.741839762611276
2016-01-10,0.0,161.0,135.0,93.0,61.0,0.4906832298136646,0.2919254658385093,0.21739130434782608,0.3673469387755102,198.1552795031056,13.633540372670808,0.8385093167701864,0.03017361111111111,0.577639751552795,0.08150462962962964,0.45185185185185184,0.6559139784946236,0.37888198757763975,0.06800925925925926,1.0,4.020979020979021
2016-01-11,0.0,157.0,131.0,79.0,61.0,0.4968152866242038,0.24203821656050956,0.2611464968152866,0.5034965034965035,222.2484076433121,12.566878980891719,0.8343949044585988,0.040046296296296295,0.5031847133757962,0.2645138888888889,0.46564885496183206,0.7721518987341772,0.3885350318471338,0.6023263888888889,1.013986013986014,5.592727272727273
2016-01-12,0.0,233.0,191.0,94.0,59.0,0.6137339055793991,0.24892703862660945,0.13733905579399142,0.3696682464454976,197.8412017167382,7.978540772532189,0.8197424892703863,0.04331018518518519,0.4034334763948498,0.10752314814814815,0.3089005235602094,0.6276595744680851,0.2532188841201717,0.12929398148148147,1.037914691943128,3.3990267639902676
2016-01-13,0.0,263.0,231.0,107.0,62.0,0.6007604562737643,0.30038022813688214,0.09885931558935361,0.3220338983050847,206.319391634981,5.7034220532319395,0.8783269961977186,0.035474537037037034,0.4068441064638783,0.15908564814814816,0.2683982683982684,0.5794392523364486,0.23574144486692014,0.4246990740740741,1.021186440677966,3.9800443458980044
2016-01-14,0.0,211.0,174.0,70.0,49.0,0.5924170616113744,0.2890995260663507,0.11848341232227488,0.33689839572192515,203.60663507109004,10.165876777251185,0.8246445497630331,0.04159722222222222,0.33175355450236965,0.4304398148148148,0.28160919540229884,0.7,0.23222748815165878,0.5973842592592593,1.0267379679144386,3.852777777777778
2016-01-15,0.0,152.0,134.0,77.0,55.0,0.5592105263157895,0.2631578947368421,0.17763157894736842,0.41134751773049644,193.64473684210526,10.032894736842104,0.881578947368421,0.03246527777777778,0.506578947368421,0.7802662037037037,0.41044776119402987,0.7142857142857143,0.3618421052631579,0.13640046296296296,1.0283687943262412,5.543795620437956
2016-01-16,0.0,176.0,161.0,84.0,52.0,0.6022727272727273,0.2556818181818182,0.14204545454545456,0.35,178.9318181818182,7.886363636363637,0.9147727272727273,0.04097222222222222,0.4772727272727273,0.31030092592592595,0.32298136645962733,0.6190476190476191,0.29545454545454547,0.431099537037037,1.0375,4.406349206349207
2016-01-17,0.0,130.0,114.0,81.0,58.0,0.4076923076923077,0.3769230769230769,0.2153846153846154,0.4628099173553719,183.35384615384615,10.96923076923077,0.8769230769230769,0.03640046296296296,0.6230769230769231,0.6322453703703703,0.5087719298245614,0.7160493827160493,0.4461538461538462,0.572650462962963,1.0330578512396693,5.663865546218488
2016-01-18,0.0,152.0,128.0,80.0,56.0,0.4934210526315789,0.28289473684210525,0.2236842105263158,0.4785714285714286,208.02631578947367,7.868421052631579,0.8421052631578947,0.03685185185185185,0.5263157894736842,0.3436111111111111,0.4375,0.7,0.3684210526315789,0.2671412037037037,1.0571428571428572,4.454225352112676
2016-01-19,0.0,187.0,168.0,111.0,69.0,0.4919786096256685,0.3155080213903743,0.1925133689839572,0.4107142857142857,198.3101604278075,7.871657754010696,0.8983957219251337,0.03467592592592592,0.5935828877005348,0.1723611111111111,0.4107142857142857,0.6216216216216216,0.3689839572192513,0.2786574074074074,1.0535714285714286,4.593471810089021
2016-01-20,0.0,195.0,178.0,118.0,66.0,0.5333333333333333,0.26153846153846155,0.20512820512820512,0.3259668508287293,198.95897435897436,9.36923076923077,0.9128205128205128,0.0359375,0.6051282051282051,0.42789351851851853,0.3707865168539326,0.559322033898305,0.3384615384615385,0.8505324074074074,0.994475138121547,4.8559322033898304
2016-01-21,0.0,180.0,144.0,98.0,77.0,0.4,0.36666666666666664,0.23333333333333334,0.4375,228.02777777777777,10.872222222222222,0.8,0.027916666666666666,0.5444444444444444,0.12540509259259258,0.5347222222222222,0.7857142857142857,0.42777777777777776,0.1026736111111111,1.05,4.272445820433436
2016-01-22,0.0,160.0,130.0,81.0,53.0,0.525,0.29375,0.18125,0.4383561643835616,192.74375,6.68125,0.8125,0.04068287037037037,0.50625,0.17091435185185186,0.4076923076923077,0.654320987654321,0.33125,0.08662037037037038,1.0273972602739727,3.9442508710801394
2016-01-23,0.0,173.0,153.0,101.0,68.0,0.4682080924855491,0.3468208092485549,0.18497109826589594,0.42483660130718953,169.47398843930637,12.578034682080926,0.884393063583815,0.033900462962962966,0.5838150289017341,0.9544560185185185,0.4444444444444444,0.6732673267326733,0.3930635838150289,0.6110069444444445,1.0392156862745099,4.384868421052632
2016-01-24,0.0,127.0,116.0,77.0,45.0,0.4645669291338583,0.33070866141732286,0.2047244094488189,0.3983050847457627,184.1496062992126,11.992125984251969,0.9133858267716536,0.03751157407407407,0.6062992125984252,0.10891203703703704,0.3879310344827586,0.5844155844155844,0.3543307086614173,0.8020601851851852,1.0254237288135593,4.286324786324786
2016-01-25,0.0,123.0,103.0,79.0,64.0,0.3902439024390244,0.25203252032520324,0.35772357723577236,0.5089285714285714,213.53658536585365,11.699186991869919,0.8373983739837398,0.023634259259259258,0.6422764227642277,0.0724074074074074,0.6213592233009708,0.810126582278481,0.5203252032520326,0.059224537037037034,1.0357142857142858,4.553571428571429
2016-01-26,0.0,192.0,173.0,104.0,67.0,0.5052083333333334,0.28125,0.21354166666666666,0.3657142857142857,211.30729166666666,7.770833333333333,0.9010416666666666,0.03716435185185185,0.5416666666666666,0.3848726851851852,0.3872832369942196,0.6442307692307693,0.3489583333333333,0.3455324074074074,1.0571428571428572,4.148571428571429
2016-01-27,0.0,162.0,135.0,89.0,56.0,0.5246913580246914,0.30864197530864196,0.16666666666666666,0.40789473684210525,197.820987654321,18.58641975308642,0.8333333333333334,0.031064814814814816,0.5493827160493827,0.16549768518518518,0.4148148148148148,0.6292134831460674,0.345679012345679,0.817488425925926,0.9868421052631579,4.6858108108108105
2016-01-28,0.0,196.0,170.0,110.0,64.0,0.5255102040816326,0.35714285714285715,0.11734693877551021,0.42391304347826086,207.37755102040816,12.168367346938776,0.8673469387755102,0.0356712962962963,0.5612244897959183,0.2955439814814815,0.3764705882352941,0.5818181818181818,0.32653061224489793,0.4424652777777778,0.9945652173913043,4.711484593837535
2016-01-29,0.0,127.0,109.0,77.0,56.0,0.47244094488188976,0.28346456692913385,0.2440944881889764,0.4583333333333333,180.251968503937,5.582677165354331,0.8582677165354331,0.036689814814814814,0.6062992125984252,0.17996527777777777,0.5137614678899083,0.7272727272727273,0.4409448818897638,0.09122685185185185,1.0166666666666666,4.805907172995781
2016-01-30,0.0,124.0,111.0,71.0,45.0,0.4838709677419355,0.31451612903225806,0.20161290322580644,0.4298245614035088,206.3790322580645,9.975806451612904,0.8951612903225806,0.03603009259259259,0.5725806451612904,0.14967592592592593,0.40540540540540543,0.6338028169014085,0.3629032258064516,0.17751157407407409,1.0263157894736843,4.280701754385965
2016-01-31,0.0,91.0,75.0,57.0,41.0,0.3956043956043956,0.34065934065934067,0.26373626373626374,0.47674418604651164,223.73626373626374,17.9010989010989,0.8241758241758241,0.030034722222222223,0.6263736263736264,0.14125,0.5466666666666666,0.7192982456140351,0.45054945054945056,0.12108796296296297,1.0465116279069768,3.9657142857142857
2016-02-01,0.0,102.0,79.0,55.0,43.0,0.45098039215686275,0.3627450980392157,0.18627450980392157,0.4536082474226804,210.7549019607843,6.8431372549019605,0.7745098039215687,0.04332175925925926,0.5392156862745098,0.5680324074074075,0.5443037974683544,0.7818181818181819,0.4215686274509804,0.44680555555555557,1.0309278350515463,4.127551020408164
2016-02-02,0.0,151.0,134.0,93.0,66.0,0.45695364238410596,0.2913907284768212,0.25165562913907286,0.4420289855072464,187.1523178807947,8.95364238410596,0.8874172185430463,0.03274305555555555,0.6158940397350994,0.19061342592592592,0.4925373134328358,0.7096774193548387,0.4370860927152318,0.12850694444444444,0.9927536231884058,5.040441176470588
2016-02-03,0.0,133.0,111.0,71.0,52.0,0.48120300751879697,0.3007518796992481,0.21804511278195488,0.40869565217391307,163.99248120300751,8.150375939849624,0.8345864661654135,0.029456018518518517,0.5338345864661654,0.5273148148148148,0.46846846846846846,0.7323943661971831,0.39097744360902253,0.14663194444444444,1.0956521739130434,4.282051282051282
2016-02-04,0.0,136.0,121.0,91.0,64.0,0.45588235294117646,0.25735294117647056,0.2867647058823529,0.46875,176.8308823529412,9.794117647058824,0.8897058823529411,0.02861111111111111,0.6691176470588235,0.12842592592592592,0.5289256198347108,0.7032967032967034,0.47058823529411764,0.046886574074074074,1.0078125,3.854330708661417
2016-02-05,0.0,123.0,108.0,66.0,51.0,0.4715447154471545,0.2601626016260163,0.2682926829268293,0.5446428571428571,201.1219512195122,12.902439024390244,0.8780487804878049,0.03293981481481482,0.5365853658536586,0.16189814814814815,0.4722222222222222,0.7727272727272727,0.4146341463414634,0.060335648148148145,1.0625,4.632743362831858
2016-02-06,0.0,104.0,87.0,69.0,55.0,0.36538461538461536,0.2692307692307692,0.36538461538461536,0.4020618556701031,181.75,9.413461538461538,0.8365384615384616,0.026041666666666668,0.6634615384615384,0.01920138888888889,0.632183908045977,0.7971014492753623,0.5288461538461539,0.5044907407407407,1.0103092783505154,4.507692307692308
2016-02-07,0.0,57.0,52.0,37.0,30.0,0.22807017543859648,0.49122807017543857,0.2807017543859649,0.5087719298245614,133.21052631578948,17.17543859649123,0.9122807017543859,0.03711805555555556,0.6491228070175439,0.10902777777777778,0.5769230769230769,0.8108108108108109,0.5263157894736842,0.8361342592592592,0.9649122807017544,5.127272727272727
2016-02-08,0.0,61.0,57.0,42.0,33.0,0.3442622950819672,0.3442622950819672,0.3114754098360656,0.46551724137931033,193.65573770491804,11.60655737704918,0.9344262295081968,0.03930555555555556,0.6885245901639344,0.04297453703703704,0.5789473684210527,0.7857142857142857,0.5409836065573771,0.04712962962962963,1.0344827586206897,3.991304347826087
2016-02-09,0.0,70.0,63.0,44.0,38.0,0.34285714285714286,0.2714285714285714,0.38571428571428573,0.5384615384615384,208.9,17.357142857142858,0.9,0.021354166666666667,0.6285714285714286,0.07262731481481481,0.6031746031746031,0.8636363636363636,0.5428571428571428,0.12670138888888888,1.0461538461538462,4.654135338345864
2016-02-10,0.0,82.0,71.0,60.0,51.0,0.3048780487804878,0.3780487804878049,0.3170731707317073,0.5802469135802469,217.4512195121951,10.707317073170731,0.8658536585365854,0.03068287037037037,0.7317073170731707,0.04892361111111111,0.7183098591549296,0.85,0.6219512195121951,0.0920138888888889,0.9876543209876543,4.2993630573248405
2016-02-11,0.0,91.0,87.0,58.0,48.0,0.34065934065934067,0.3076923076923077,0.3516483516483517,0.48314606741573035,198.92307692307693,17.615384615384617,0.9560439560439561,0.034826388888888886,0.6373626373626373,0.08732638888888888,0.5517241379310345,0.8275862068965517,0.5274725274725275,0.169375,1.0,4.534090909090909
2016-02-12,0.0,113.0,102.0,74.0,58.0,0.40707964601769914,0.25663716814159293,0.336283185840708,0.4722222222222222,174.78761061946904,11.858407079646017,0.9026548672566371,0.03456018518518519,0.6548672566371682,0.26395833333333335,0.5686274509803921,0.7837837837837838,0.5132743362831859,0.5164120370370371,1.0185185185185186,4.831775700934579
2016-02-13,0.0,104.0,96.0,71.0,58.0,0.3173076923076923,0.33653846153846156,0.34615384615384615,0.46938775510204084,177.68269230769232,13.75,0.9230769230769231,0.035069444444444445,0.6826923076923077,0.4380439814814815,0.6041666666666666,0.8169014084507042,0.5576923076923077,0.7514583333333333,1.0204081632653061,5.448979591836735
2016-02-14,0.0,76.0,72.0,54.0,42.0,0.32894736842105265,0.3684210526315789,0.3026315789473684,0.5,173.80263157894737,5.842105263157895,0.9473684210526315,0.0375,0.7105263157894737,0.08337962962962962,0.5833333333333334,0.7777777777777778,0.5526315789473685,0.10157407407407408,1.027027027027027,4.844594594594595
2016-02-15,0.0,85.0,82.0,66.0,56.0,0.32941176470588235,0.24705882352941178,0.4235294117647059,0.4875,168.42352941176472,4.823529411764706,0.9647058823529412,0.02872685185185185,0.7764705882352941,0.13998842592592592,0.6829268292682927,0.8484848484848485,0.6588235294117647,0.15252314814814816,0.9875,5.464516129032258
2016-02-16,0.0,104.0,94.0,79.0,63.0,0.38461538461538464,0.2403846153846154,0.375,0.48,230.67307692307693,8.26923076923077,0.9038461538461539,0.020277777777777777,0.7596153846153846,0.3184606481481482,0.6702127659574468,0.7974683544303798,0.6057692307692307,0.09350694444444445,0.98,4.88265306122449
2016-02-17,0.0,138.0,124.0,99.0,69.0,0.38405797101449274,0.3115942028985507,0.30434782608695654,0.4453125,187.34782608695653,6.818840579710145,0.8985507246376812,0.02744212962962963,0.717391304347826,0.10589120370370371,0.5564516129032258,0.696969696969697,0.5,0.12443287037037037,1.0234375,5.361111111111111
2016-02-18,0.0,115.0,97.0,76.0,58.0,0.41739130434782606,0.23478260869565218,0.34782608695652173,0.4351851851851852,199.77391304347827,5.4,0.8434782608695652,0.03297453703703704,0.6608695652173913,0.9506365740740741,0.5979381443298969,0.7631578947368421,0.5043478260869565,0.11267361111111111,1.0277777777777777,4.074074074074074
2016-02-19,0.0,103.0,102.0,71.0,56.0,0.33980582524271846,0.36893203883495146,0.2912621359223301,0.4742268041237113,169.6504854368932,8.766990291262136,0.9902912621359223,0.023194444444444445,0.6893203883495146,0.07002314814814815,0.5490196078431373,0.7887323943661971,0.5436893203883495,0.05472222222222222,1.0206185567010309,4.876923076923077
2016-02-20,0.0,83.0,73.0,58.0,44.0,0.3253012048192771,0.43373493975903615,0.24096385542168675,0.38271604938271603,199.97590361445782,7.096385542168675,0.8795180722891566,0.03262731481481482,0.6987951807228916,0.11430555555555555,0.6027397260273972,0.7586206896551724,0.5301204819277109,0.09557870370370371,1.0,4.627329192546584
2016-02-21,0.0,82.0,72.0,61.0,45.0,0.34146341463414637,0.3780487804878049,0.2804878048780488,0.4657534246575342,187.3780487804878,12.365853658536585,0.8780487804878049,0.04217592592592593,0.7439024390243902,0.03170138888888889,0.625,0.7377049180327869,0.5487804878048781,0.42922453703703706,1.082191780821918,4.483221476510067
2016-02-22,0.0,87.0,82.0,61.0,50.0,0.3793103448275862,0.2413793103448276,0.3793103448275862,0.5421686746987951,201.88505747126436,8.977011494252874,0.9425287356321839,0.027974537037037037,0.7011494252873564,0.8891782407407407,0.6097560975609756,0.819672131147541,0.5747126436781609,0.493587962962963,1.0120481927710843,9.018072289156626
2016-02-23,0.0,109.0,100.0,73.0,55.0,0.41284403669724773,0.30275229357798167,0.28440366972477066,0.5046728971962616,175.73394495412845,9.155963302752294,0.9174311926605505,0.027789351851851853,0.6697247706422018,0.06702546296296297,0.55,0.7534246575342466,0.5045871559633027,0.3630671296296296,0.9626168224299065,4.719806763285024
2016-02-24,0.0,120.0,109.0,76.0,54.0,0.4,0.2833333333333333,0.31666666666666665,0.4444444444444444,212.34166666666667,7.525,0.9083333333333333,0.03144675925925926,0.6333333333333333,0.1359027777777778,0.4954128440366973,0.7105263157894737,0.45,0.1559837962962963,1.0085470085470085,4.077586206896552
2016-02-25,0.0,96.0,82.0,66.0,50.0,0.3645833333333333,0.2708333333333333,0.3645833333333333,0.45977011494252873,198.88541666666666,9.177083333333334,0.8541666666666666,0.026898148148148147,0.6875,0.25744212962962965,0.6097560975609756,0.7575757575757576,0.5208333333333334,0.16133101851851853,1.0689655172413792,5.434285714285714
2016-02-26,0.0,117.0,104.0,81.0,64.0,0.38461538461538464,0.26495726495726496,0.3504273504273504,0.4732142857142857,181.2051282051282,7.905982905982906,0.8888888888888888,0.025,0.6923076923076923,0.2622453703703704,0.6153846153846154,0.7901234567901234,0.5470085470085471,0.27296296296296296,1.0267857142857142,4.811659192825112
2016-02-27,0.0,70.0,62.0,49.0,43.0,0.38571428571428573,0.21428571428571427,0.4,0.5588235294117647,177.8,11.528571428571428,0.8857142857142857,0.024166666666666666,0.7,0.08943287037037037,0.6935483870967742,0.8775510204081632,0.6142857142857143,0.08211805555555556,1.0,4.419117647058823
2016-02-28,0.0,78.0,66.0,52.0,37.0,0.3974358974358974,0.28205128205128205,0.32051282051282054,0.4520547945205479,176.5,9.333333333333334,0.8461538461538461,0.02908564814814815,0.6666666666666666,0.16930555555555554,0.5606060606060606,0.7115384615384616,0.47435897435897434,0.7073379629629629,1.0410958904109588,4.741496598639456
2016-02-29,0.0,89.0,77.0,61.0,48.0,0.3146067415730337,0.29213483146067415,0.39325842696629215,0.550561797752809,186.58426966292134,13.47191011235955,0.8651685393258427,0.02511574074074074,0.6853932584269663,0.07460648148148148,0.6233766233766234,0.7868852459016393,0.5393258426966292,0.09516203703703703,0.9887640449438202,4.265536723163842
2016-03-01,0.0,89.0,82.0,66.0,58.0,0.3707865168539326,0.23595505617977527,0.39325842696629215,0.39080459770114945,216.30337078651687,9.089887640449438,0.9213483146067416,0.035625,0.7415730337078652,0.0804050925925926,0.7073170731707317,0.8787878787878788,0.651685393258427,0.23222222222222222,1.0114942528735633,4.662857142857143
2016-03-02,0.0,105.0,102.0,81.0,64.0,0.4,0.2761904761904762,0.3238095238095238,0.35,198.26666666666668,7.609523809523809,0.9714285714285714,0.03325231481481482,0.7714285714285715,0.1284837962962963,0.6274509803921569,0.7901234567901234,0.6095238095238096,0.12049768518518518,1.04,4.495
2016-03-03,0.0,90.0,78.0,62.0,49.0,0.36666666666666664,0.25555555555555554,0.37777777777777777,0.5,212.7888888888889,9.555555555555555,0.8666666666666667,0.026041666666666668,0.6888888888888889,0.07003472222222222,0.6282051282051282,0.7903225806451613,0.5444444444444444,0.09986111111111111,1.0238095238095237,4.376470588235295
2016-03-04,0.0,100.0,93.0,71.0,60.0,0.32,0.24,0.44,0.5567010309278351,188.9,11.86,0.93,0.023599537037037037,0.71,0.1854861111111111,0.6451612903225806,0.8450704225352113,0.6,0.5165046296296296,1.0,5.510416666666667
2016-03-05,0.0,97.0,81.0,67.0,45.0,0.4329896907216495,0.29896907216494845,0.26804123711340205,0.4673913043478261,186.1237113402062,11.443298969072165,0.8350515463917526,0.028668981481481483,0.6907216494845361,0.13381944444444444,0.5555555555555556,0.6716417910447762,0.4639175257731959,0.11450231481481482,1.0217391304347827,4.386740331491713
2016-03-06,0.0,74.0,72.0,53.0,44.0,0.36486486486486486,0.22972972972972974,0.40540540540540543,0.5138888888888888,191.54054054054055,13.027027027027026,0.972972972972973,0.023564814814814816,0.7162162162162162,0.4294212962962963,0.6111111111111112,0.8301886792452831,0.5945945945945946,0.4164699074074074,1.0138888888888888,5.042253521126761
2016-03-07,0.0,84.0,64.0,53.0,42.0,0.35714285714285715,0.2976190476190476,0.34523809523809523,0.4268292682926829,182.58333333333334,9.821428571428571,0.7619047619047619,0.028761574074074075,0.6309523809523809,0.15034722222222222,0.65625,0.7924528301886793,0.5,0.09983796296296296,1.0121951219512195,3.9878048780487805
2016-03-08,0.0,92.0,83.0,65.0,45.0,0.391304347826087,0.32608695652173914,0.2826086956521739,0.532608695652174,216.8695652173913,11.565217391304348,0.9021739130434783,0.02554398148148148,0.7065217391304348,0.10856481481481481,0.5421686746987951,0.6923076923076923,0.4891304347826087,0.35055555555555556,0.9456521739130435,4.428571428571429
2016-03-09,0.0,108.0,100.0,78.0,59.0,0.39814814814814814,0.23148148148148148,0.37037037037037035,0.49,178.11111111111111,14.814814814814815,0.9259259259259259,0.030381944444444444,0.7222222222222222,0.2254861111111111,0.59,0.7564102564102564,0.5462962962962963,0.2144097222222222,1.03,5.676616915422885
2016-03-10,0.0,101.0,98.0,77.0,63.0,0.3465346534653465,0.31683168316831684,0.33663366336633666,0.5212765957446809,200.66336633663366,16.564356435643564,0.9702970297029703,0.03819444444444445,0.7623762376237624,0.02048611111111111,0.6428571428571429,0.8181818181818182,0.6237623762376238,0.27993055555555557,1.0425531914893618,5.465608465608466
2016-03-11,0.0,82.0,76.0,55.0,42.0,0.4634146341463415,0.25609756097560976,0.2804878048780488,0.42105263157894735,224.4268292682927,13.792682926829269,0.926829268292683,0.03256944444444444,0.6707317073170732,0.29391203703703705,0.5526315789473685,0.7636363636363637,0.5121951219512195,0.5652199074074075,1.0263157894736843,4.8355263157894735
2016-03-12,0.0,72.0,66.0,52.0,43.0,0.3194444444444444,0.3055555555555556,0.375,0.39705882352941174,176.75,13.38888888888889,0.9166666666666666,0.02707175925925926,0.7222222222222222,0.020590277777777777,0.6515151515151515,0.8269230769230769,0.5972222222222222,0.05752314814814815,0.9852941176470589,5.684210526315789
2016-03-13,0.0,57.0,55.0,39.0,33.0,0.3157894736842105,0.3333333333333333,0.3508771929824561,0.5454545454545454,189.59649122807016,7.578947368421052,0.9649122807017544,0.03248842592592593,0.6842105263157895,0.10373842592592593,0.6,0.8461538461538461,0.5789473684210527,0.19572916666666668,1.0,5.495412844036697
2016-03-14,0.0,67.0,61.0,51.0,39.0,0.31343283582089554,0.26865671641791045,0.417910447761194,0.5223880597014925,160.3582089552239,11.08955223880597,0.9104477611940298,0.022708333333333334,0.7611940298507462,0.045925925925925926,0.639344262295082,0.7647058823529411,0.582089552238806,0.03321759259259259,1.0,4.484848484848484
2016-03-15,0.0,115.0,99.0,67.0,49.0,0.4608695652173913,0.2956521739130435,0.24347826086956523,0.44545454545454544,199.9391304347826,16.278260869565216,0.8608695652173913,0.03326388888888889,0.5826086956521739,0.11900462962962963,0.494949494949495,0.7313432835820896,0.4260869565217391,0.25960648148148147,1.018181818181818,4.324324324324325
2016-03-16,0.0,105.0,102.0,77.0,62.0,0.2857142857142857,0.3333333333333333,0.38095238095238093,0.375,168.2,8.933333333333334,0.9714285714285714,0.025717592592592594,0.7333333333333333,0.12368055555555556,0.6078431372549019,0.8051948051948052,0.5904761904761905,0.12003472222222222,1.03125,4.689119170984456
2016-03-17,0.0,104.0,95.0,61.0,43.0,0.47115384615384615,0.25,0.27884615384615385,0.46875,171.27884615384616,5.740384615384615,0.9134615384615384,0.028171296296296295,0.5865384615384616,0.1291898148148148,0.45263157894736844,0.7049180327868853,0.41346153846153844,0.7321875,1.0416666666666667,4.90625
2016-03-18,0.0,82.0,80.0,60.0,44.0,0.3170731707317073,0.34146341463414637,0.34146341463414637,0.48,146.5731707317073,9.048780487804878,0.975609756097561,0.03175925925925926,0.7317073170731707,0.20488425925925927,0.55,0.7333333333333333,0.5365853658536586,0.25243055555555555,1.0533333333333332,5.177631578947368
2016-03-19,0.0,78.0,65.0,45.0,37.0,0.3974358974358974,0.358974358974359,0.24358974358974358,0.38666666666666666,206.98717948717947,7.730769230769231,0.8333333333333334,0.03716435185185185,0.5769230769230769,0.04271990740740741,0.5692307692307692,0.8222222222222222,0.47435897435897434,0.43400462962962966,1.0,4.410958904109589
2016-03-20,0.0,53.0,52.0,47.0,32.0,0.39622641509433965,0.18867924528301888,0.41509433962264153,0.39622641509433965,139.49056603773585,9.69811320754717,0.9811320754716981,0.014375,0.8867924528301887,0.015358796296296296,0.6153846153846154,0.6808510638297872,0.6037735849056604,0.04172453703703704,0.9811320754716981,3.723809523809524
2016-03-21,0.0,87.0,72.0,51.0,44.0,0.3563218390804598,0.26436781609195403,0.3793103448275862,0.5125,203.94252873563218,11.379310344827585,0.8275862068965517,0.031782407407407405,0.5862068965517241,0.34855324074074073,0.6111111111111112,0.8627450980392157,0.5057471264367817,0.07666666666666666,1.05,4.5
2016-03-22,0.0,111.0,100.0,79.0,67.0,0.27927927927927926,0.35135135135135137,0.36936936936936937,0.5462962962962963,182.16216216216216,16.603603603603602,0.9009009009009009,0.024398148148148148,0.7117117117117117,0.08792824074074074,0.67,0.8481012658227848,0.6036036036036037,0.11219907407407408,1.0092592592592593,6.293269230769231
2016-03-23,0.0,108.0,99.0,75.0,58.0,0.37962962962962965,0.3148148148148148,0.3055555555555556,0.44761904761904764,171.5,8.037037037037036,0.9166666666666666,0.02957175925925926,0.6944444444444444,0.14707175925925925,0.5858585858585859,0.7733333333333333,0.5370370370370371,0.31722222222222224,1.0,4.019138755980861
2016-03-24,0.0,95.0,86.0,64.0,46.0,0.4421052631578947,0.2736842105263158,0.28421052631578947,0.48314606741573035,196.94736842105263,19.4,0.9052631578947369,0.029768518518518517,0.6736842105263158,0.1134375,0.5348837209302325,0.71875,0.4842105263157895,0.08737268518518519,1.0337078651685394,4.461111111111111
2016-03-25,0.0,86.0,82.0,66.0,49.0,0.4069767441860465,0.2558139534883721,0.3372093023255814,0.5365853658536586,174.87209302325581,8.523255813953488,0.9534883720930233,0.03849537037037037,0.7674418604651163,0.14328703703703705,0.5975609756097561,0.7424242424242424,0.5697674418604651,0.20148148148148148,1.024390243902439,5.209876543209877
2016-03-26,0.0,66.0,60.0,51.0,44.0,0.2727272727272727,0.21212121212121213,0.5151515151515151,0.4,185.84848484848484,15.666666666666666,0.9090909090909091,0.02847222222222222,0.7727272727272727,0.7807291666666667,0.7333333333333333,0.8627450980392157,0.6666666666666666,0.18038194444444444,0.9846153846153847,4.62015503875969
2016-03-27,0.0,51.0,51.0,39.0,28.0,0.3137254901960784,0.3333333333333333,0.35294117647058826,0.5,156.13725490196077,7.647058823529412,1.0,0.0362037037037037,0.7647058823529411,0.27399305555555553,0.5490196078431373,0.717948717948718,0.5490196078431373,0.31125,1.0,5.787878787878788
2016-03-28,0.0,69.0,54.0,48.0,37.0,0.391304347826087,0.30434782608695654,0.30434782608695654,0.45454545454545453,141.36231884057972,2.8405797101449277,0.782608695652174,0.039247685185185184,0.6956521739130435,0.056747685185185186,0.6851851851851852,0.7708333333333334,0.5362318840579711,0.06365740740740741,1.0151515151515151,5.549618320610687
2016-03-29,0.0,101.0,94.0,69.0,52.0,0.38613861386138615,0.33663366336633666,0.27722772277227725,0.3877551020408163,150.75247524752476,7.9405940594059405,0.9306930693069307,0.03337962962962963,0.6831683168316832,0.23216435185185186,0.5531914893617021,0.7536231884057971,0.5148514851485149,0.24284722222222221,0.9897959183673469,4.668393782383419
2016-03-30,0.0,99.0,92.0,79.0,60.0,0.43434343434343436,0.18181818181818182,0.3838383838383838,0.4631578947368421,156.4747474747475,9.414141414141413,0.9292929292929293,0.03284722222222222,0.797979797979798,0.2021412037037037,0.6521739130434783,0.759493670886076,0.6060606060606061,0.09511574074074074,1.0,4.347368421052631
2016-03-31,0.0,85.0,79.0,64.0,49.0,0.4117647058823529,0.21176470588235294,0.3764705882352941,0.43373493975903615,166.42352941176472,13.988235294117647,0.9294117647058824,0.03460648148148148,0.7529411764705882,0.19905092592592594,0.620253164556962,0.765625,0.5764705882352941,0.17974537037037036,1.0,6.251533742331288
2016-04-01,0.0,90.0,85.0,69.0,46.0,0.4,0.3111111111111111,0.28888888888888886,0.4117647058823529,159.75555555555556,16.033333333333335,0.9444444444444444,0.026354166666666668,0.7666666666666667,0.1778935185185185,0.5411764705882353,0.6666666666666666,0.5111111111111111,0.11087962962962963,1.011764705882353,6.053892215568863
2016-04-02,0.0,61.0,59.0,47.0,34.0,0.36065573770491804,0.22950819672131148,0.4098360655737705,0.5,145.68852459016392,12.131147540983607,0.9672131147540983,0.03005787037037037,0.7704918032786885,0.3861921296296296,0.576271186440678,0.723404255319149,0.5573770491803278,0.14546296296296296,1.0344827586206897,4.3826086956521735
2016-04-03,0.0,67.0,60.0,56.0,40.0,0.3283582089552239,0.2835820895522388,0.3880597014925373,0.45161290322580644,170.22388059701493,15.447761194029852,0.8955223880597015,0.027395833333333335,0.835820895522388,0.03424768518518519,0.6666666666666666,0.7142857142857143,0.5970149253731343,0.027939814814814813,1.0161290322580645,5.32258064516129
2016-04-04,0.0,95.0,85.0,61.0,55.0,0.29473684210526313,0.2736842105263158,0.43157894736842106,0.47674418604651164,185.7578947368421,15.4,0.8947368421052632,0.027291666666666665,0.6421052631578947,0.13115740740740742,0.6470588235294118,0.9016393442622951,0.5789473684210527,0.10930555555555556,1.069767441860465,4.775862068965517
2016-04-05,0.0,123.0,113.0,79.0,62.0,0.34959349593495936,0.3252032520325203,0.3252032520325203,0.4444444444444444,189.0569105691057,9.463414634146341,0.9186991869918699,0.028530092592592593,0.6422764227642277,0.3076851851851852,0.5486725663716814,0.7848101265822784,0.5040650406504065,0.5492013888888889,1.017094017094017,5.012931034482759
2016-04-06,0.0,109.0,100.0,76.0,51.0,0.42201834862385323,0.24770642201834864,0.3302752293577982,0.4807692307692308,140.55963302752295,12.706422018348624,0.9174311926605505,0.01744212962962963,0.6972477064220184,0.22844907407407408,0.51,0.6710526315789473,0.46788990825688076,0.22246527777777778,1.0288461538461537,4.700980392156863
2016-04-07,0.0,101.0,92.0,70.0,55.0,0.38613861386138615,0.33663366336633666,0.27722772277227725,0.42857142857142855,134.37623762376236,18.73267326732673,0.9108910891089109,0.0290625,0.693069306930693,0.5021064814814815,0.5978260869565217,0.7857142857142857,0.5445544554455446,0.18253472222222222,1.0204081632653061,4.472081218274112
2016-04-08,0.0,85.0,84.0,59.0,45.0,0.3176470588235294,0.3411764705882353,0.3411764705882353,0.4146341463414634,137.57647058823528,11.788235294117648,0.9882352941176471,0.03076388888888889,0.6941176470588235,0.19023148148148147,0.5357142857142857,0.7627118644067796,0.5294117647058824,0.6489467592592593,1.0365853658536586,6.4939024390243905
2016-04-09,0.0,93.0,83.0,69.0,53.0,0.3978494623655914,0.27956989247311825,0.3225806451612903,0.45054945054945056,125.52688172043011,9.064516129032258,0.8924731182795699,0.039872685185185185,0.7419354838709677,0.11996527777777778,0.6385542168674698,0.7681159420289855,0.5698924731182796,0.13142361111111112,1.0,4.419889502762431
2016-04-10,0.0,80.0,74.0,64.0,51.0,0.375,0.275,0.35,0.45454545454545453,143.9875,12.4125,0.925,0.028229166666666666,0.8,0.25582175925925926,0.6891891891891891,0.796875,0.6375,0.44149305555555557,0.987012987012987,5.233333333333333
2016-04-11,0.0,83.0,75.0,58.0,42.0,0.42168674698795183,0.2289156626506024,0.3493975903614458,0.475,179.78313253012047,7.0120481927710845,0.9036144578313253,0.034166666666666665,0.6987951807228916,0.5717824074074074,0.56,0.7241379310344828,0.5060240963855421,0.7643634259259259,1.025,4.628205128205129
2016-04-12,0.0,107.0,107.0,72.0,58.0,0.3177570093457944,0.37383177570093457,0.308411214953271,0.5294117647058824,135.39252336448598,10.476635514018692,1.0,0.03908564814814815,0.6728971962616822,0.34488425925925925,0.5420560747663551,0.8055555555555556,0.5420560747663551,0.4177662037037037,1.0196078431372548,4.951219512195122
2016-04-13,0.0,97.0,95.0,66.0,47.0,0.4329896907216495,0.2268041237113402,0.3402061855670103,0.43010752688172044,133.9278350515464,7.206185567010309,0.979381443298969,0.029895833333333333,0.6804123711340206,0.23145833333333332,0.49473684210526314,0.7121212121212122,0.4845360824742268,0.3254861111111111,1.010752688172043,4.355191256830601
2016-04-14,0.0,109.0,98.0,79.0,59.0,0.3486238532110092,0.26605504587155965,0.3853211009174312,0.4077669902912621,152.30275229357798,7.752293577981652,0.8990825688073395,0.03217592592592593,0.7247706422018348,0.23599537037037038,0.6020408163265306,0.7468354430379747,0.5412844036697247,0.2076388888888889,1.0485436893203883,5.211538461538462
2016-04-15,0.0,80.0,78.0,50.0,37.0,0.4375,0.2875,0.275,0.5066666666666667,128.05,8.725,0.975,0.037627314814814815,0.625,0.32858796296296294,0.47435897435897434,0.74,0.4625,0.411875,1.0,5.227586206896552
2016-04-16,0.0,83.0,77.0,60.0,51.0,0.3132530120481928,0.26506024096385544,0.42168674698795183,0.42857142857142855,143.6867469879518,6.180722891566265,0.927710843373494,0.03556712962962963,0.7228915662650602,0.583125,0.6623376623376623,0.85,0.6144578313253012,0.05354166666666667,1.025974025974026,5.554838709677419
2016-04-17,0.0,78.0,73.0,61.0,44.0,0.3333333333333333,0.34615384615384615,0.32051282051282054,0.4520547945205479,164.2948717948718,6.397435897435898,0.9358974358974359,0.034270833333333334,0.782051282051282,0.1784837962962963,0.6027397260273972,0.7213114754098361,0.5641025641025641,0.09952546296296297,1.0547945205479452,6.10738255033557
2016-04-18,0.0,83.0,80.0,59.0,44.0,0.3614457831325301,0.21686746987951808,0.42168674698795183,0.47435897435897434,146.72289156626505,8.373493975903614,0.963855421686747,0.03304398148148148,0.7108433734939759,0.131875,0.55,0.7457627118644068,0.5301204819277109,0.21413194444444444,1.0512820512820513,5.189873417721519
2016-04-19,0.0,106.0,96.0,65.0,51.0,0.37735849056603776,0.3018867924528302,0.32075471698113206,0.47474747474747475,163.5,12.669811320754716,0.9056603773584906,0.027939814814814813,0.6132075471698113,0.09893518518518518,0.53125,0.7846153846153846,0.4811320754716981,0.14461805555555557,1.02020202020202,4.461538461538462
2016-04-20,0.0,127.0,115.0,78.0,65.0,0.3779527559055118,0.31496062992125984,0.30708661417322836,0.5126050420168067,131.2755905511811,10.496062992125983,0.905511811023622,0.031238425925925926,0.6141732283464567,0.12400462962962963,0.5652173913043478,0.8333333333333334,0.5118110236220472,0.6570601851851852,1.0336134453781514,4.0995850622406635
2016-04-21,0.0,83.0,77.0,62.0,48.0,0.3614457831325301,0.2891566265060241,0.3493975903614458,0.575,215.34939759036143,14.349397590361447,0.927710843373494,0.025185185185185185,0.7469879518072289,0.0949537037037037,0.6233766233766234,0.7741935483870968,0.5783132530120482,0.025358796296296296,1.025,4.70625
2016-04-22,0.0,93.0,86.0,69.0,53.0,0.3333333333333333,0.25806451612903225,0.40860215053763443,0.47058823529411764,144.74193548387098,11.96774193548387,0.9247311827956989,0.026770833333333334,0.7419354838709677,0.07944444444444444,0.6162790697674418,0.7681159420289855,0.5698924731182796,0.060787037037037035,1.011764705882353,5.7176470588235295
2016-04-23,0.0,74.0,68.0,52.0,42.0,0.3918918918918919,0.25675675675675674,0.35135135135135137,0.4142857142857143,132.7972972972973,9.72972972972973,0.918918918918919,0.02486111111111111,0.7027027027027027,0.13416666666666666,0.6176470588235294,0.8076923076923077,0.5675675675675675,0.021631944444444443,1.0285714285714285,5.156028368794326
2016-04-24,0.0,62.0,58.0,44.0,34.0,0.41935483870967744,0.22580645161290322,0.3548387096774194,0.5084745762711864,161.24193548387098,15.209677419354838,0.9354838709677419,0.02712962962962963,0.7096774193548387,0.18760416666666666,0.5862068965517241,0.7727272727272727,0.5483870967741935,0.5577893518518519,1.0338983050847457,5.176470588235294
2016-04-25,0.0,70.0,64.0,49.0,42.0,0.2571428571428571,0.2857142857142857,0.45714285714285713,0.47619047619047616,159.07142857142858,9.3,0.9142857142857143,0.022395833333333334,0.7,0.04892361111111111,0.65625,0.8571428571428571,0.6,0.06988425925925926,1.0317460317460319,5.626984126984127
2016-04-26,0.0,111.0,97.0,72.0,52.0,0.43243243243243246,0.2072072072072072,0.36036036036036034,0.4215686274509804,159.86486486486487,6.5675675675675675,0.8738738738738738,0.04012731481481482,0.6486486486486487,0.3005671296296296,0.5360824742268041,0.7222222222222222,0.46846846846846846,0.3247800925925926,1.0686274509803921,4.158653846153846
2016-04-27,0.0,91.0,85.0,64.0,46.0,0.4725274725274725,0.24175824175824176,0.2857142857142857,0.4942528735632184,168.3846153846154,11.725274725274724,0.9340659340659341,0.03373842592592593,0.7032967032967034,0.09452546296296296,0.5411764705882353,0.71875,0.5054945054945055,0.2952430555555556,0.9770114942528736,5.464705882352941
2016-04-28,0.0,88.0,80.0,52.0,34.0,0.5,0.3068181818181818,0.19318181818181818,0.3953488372093023,169.82954545454547,10.443181818181818,0.9090909090909091,0.04663194444444444,0.5909090909090909,0.38475694444444447,0.425,0.6538461538461539,0.38636363636363635,0.5684259259259259,0.9883720930232558,4.4674556213017755
2016-04-29,0.0,82.0,76.0,62.0,48.0,0.36585365853658536,0.2073170731707317,0.4268292682926829,0.36,131.4390243902439,13.890243902439025,0.926829268292683,0.028703703703703703,0.7560975609756098,0.2054513888888889,0.631578947368421,0.7741935483870968,0.5853658536585366,0.20754629629629628,1.04,5.401315789473684
2016-04-30,0.0,72.0,63.0,48.0,39.0,0.3888888888888889,0.2222222222222222,0.3888888888888889,0.36231884057971014,135.58333333333334,14.402777777777779,0.875,0.025717592592592594,0.6666666666666666,0.04482638888888889,0.6190476190476191,0.8125,0.5416666666666666,0.2859259259259259,1.0,5.536764705882353
2016-05-01,0.0,81.0,79.0,52.0,41.0,0.2962962962962963,0.345679012345679,0.35802469135802467,0.4473684210526316,103.07407407407408,13.123456790123457,0.9753086419753086,0.027858796296296295,0.6419753086419753,0.4422337962962963,0.5189873417721519,0.7884615384615384,0.5061728395061729,0.5989236111111111,1.013157894736842,4.97986577181208
2016-05-02,0.0,93.0,81.0,62.0,51.0,0.3225806451612903,0.23655913978494625,0.44086021505376344,0.5393258426966292,169.58064516129033,17.473118279569892,0.8709677419354839,0.03574074074074074,0.6666666666666666,0.05586805555555555,0.6296296296296297,0.8225806451612904,0.5483870967741935,0.06311342592592592,0.9887640449438202,4.982857142857143
2016-05-03,0.0,107.0,97.0,75.0,61.0,0.32710280373831774,0.29906542056074764,0.37383177570093457,0.37755102040816324,110.66355140186916,10.289719626168225,0.9065420560747663,0.03383101851851852,0.7009345794392523,0.20346064814814815,0.6288659793814433,0.8133333333333334,0.5700934579439252,0.2371412037037037,1.0510204081632653,5.649746192893401
2016-05-04,0.0,125.0,122.0,84.0,63.0,0.336,0.28,0.384,0.4491525423728814,169.392,8.608,0.976,0.03054398148148148,0.672,0.3400810185185185,0.5163934426229508,0.75,0.504,0.4028125,1.0254237288135593,5.227467811158799
2016-05-05,0.0,114.0,108.0,74.0,54.0,0.4649122807017544,0.23684210526315788,0.2982456140350877,0.47572815533980584,187.78947368421052,13.403508771929825,0.9473684210526315,0.026539351851851852,0.6491228070175439,0.058368055555555555,0.5,0.7297297297297297,0.47368421052631576,0.10085648148148148,1.0388349514563107,5.160194174757281
2016-05-06,0.0,94.0,87.0,76.0,68.0,0.19148936170212766,0.35106382978723405,0.4574468085106383,0.5108695652173914,129.36170212765958,8.053191489361701,0.925531914893617,0.024224537037037037,0.8085106382978723,0.22443287037037038,0.7816091954022989,0.8947368421052632,0.723404255319149,0.049166666666666664,1.0108695652173914,4.666666666666667
2016-05-07,0.0,92.0,81.0,60.0,54.0,0.25,0.34782608695652173,0.40217391304347827,0.4268292682926829,160.29347826086956,13.369565217391305,0.8804347826086957,0.021342592592592594,0.6521739130434783,0.12252314814814814,0.6666666666666666,0.9,0.5869565217391305,0.08350694444444444,1.0853658536585367,4.844311377245509
2016-05-08,0.0,63.0,62.0,51.0,41.0,0.2222222222222222,0.4126984126984127,0.36507936507936506,0.4166666666666667,165.6984126984127,11.253968253968255,0.9841269841269841,0.030810185185185184,0.8095238095238095,0.15636574074074075,0.6612903225806451,0.803921568627451,0.6507936507936508,0.3103125,1.0,7.142857142857143
2016-05-09,0.0,87.0,80.0,64.0,50.0,0.25287356321839083,0.3333333333333333,0.41379310344827586,0.4878048780487805,200.2528735632184,12.586206896551724,0.9195402298850575,0.025046296296296296,0.735632183908046,0.0825462962962963,0.625,0.78125,0.5747126436781609,0.22518518518518518,1.024390243902439,5.121951219512195
2016-05-10,0.0,120.0,117.0,98.0,80.0,0.35,0.23333333333333334,0.4166666666666667,0.49137931034482757,162.24166666666667,7.775,0.975,0.021458333333333333,0.8166666666666667,0.052118055555555556,0.6837606837606838,0.8163265306122449,0.6666666666666666,0.08560185185185185,0.9913793103448276,5.692982456140351
2016-05-11,0.0,120.0,101.0,80.0,67.0,0.39166666666666666,0.15,0.4583333333333333,0.4380952380952381,163.86666666666667,9.258333333333333,0.8416666666666667,0.025625,0.6666666666666666,0.4001388888888889,0.6633663366336634,0.8375,0.5583333333333333,0.18905092592592593,1.0380952380952382,5.385714285714286
2016-05-12,0.0,119.0,117.0,91.0,69.0,0.2857142857142857,0.2857142857142857,0.42857142857142855,0.4351851851851852,203.0252100840336,11.974789915966387,0.9831932773109243,0.02304398148148148,0.7647058823529411,0.07060185185185185,0.5897435897435898,0.7582417582417582,0.5798319327731093,0.09299768518518518,1.0277777777777777,5.027522935779817
2016-05-13,0.0,104.0,89.0,66.0,48.0,0.4230769230769231,0.3269230769230769,0.25,0.3711340206185567,206.65384615384616,6.0576923076923075,0.8557692307692307,0.037453703703703704,0.6346153846153846,0.6582870370370371,0.5393258426966292,0.7272727272727273,0.46153846153846156,0.8231018518518518,1.041237113402062,4.719387755102041
2016-05-14,0.0,89.0,83.0,68.0,53.0,0.33707865168539325,0.2696629213483146,0.39325842696629215,0.43023255813953487,208.5505617977528,7.561797752808989,0.9325842696629213,0.025138888888888888,0.7640449438202247,0.3444097222222222,0.6385542168674698,0.7794117647058824,0.5955056179775281,0.3659953703703704,1.0116279069767442,4.222222222222222
2016-05-15,0.0,68.0,65.0,53.0,45.0,0.3235294117647059,0.22058823529411764,0.45588235294117646,0.5737704918032787,211.60294117647058,9.058823529411764,0.9558823529411765,0.03318287037037037,0.7794117647058824,0.15883101851851852,0.6923076923076923,0.8490566037735849,0.6617647058823529,0.09505787037037038,1.0163934426229508,5.032786885245901
2016-05-16,0.0,80.0,71.0,62.0,54.0,0.2875,0.1875,0.525,0.45569620253164556,192.25,11.0875,0.8875,0.01972222222222222,0.775,0.1259259259259259,0.7605633802816901,0.8709677419354839,0.675,0.24302083333333332,0.9746835443037974,4.973856209150327
2016-05-17,0.0,116.0,109.0,76.0,62.0,0.35344827586206895,0.21551724137931033,0.43103448275862066,0.5135135135135135,178.99137931034483,10.163793103448276,0.9396551724137931,0.02244212962962963,0.6551724137931034,0.1235300925925926,0.5688073394495413,0.8157894736842105,0.5344827586206896,0.1640625,1.027027027027027,5.34841628959276
2016-05-18,0.0,105.0,100.0,79.0,63.0,0.3619047619047619,0.20952380952380953,0.42857142857142855,0.3300970873786408,191.7904761904762,8.714285714285714,0.9523809523809523,0.027430555555555555,0.7523809523809524,0.11155092592592593,0.63,0.7974683544303798,0.6,0.07008101851851851,0.9805825242718447,4.25615763546798
2016-05-19,0.0,137.0,131.0,93.0,73.0,0.36496350364963503,0.21897810218978103,0.41605839416058393,0.453125,173.33576642335765,11.627737226277372,0.9562043795620438,0.02546296296296296,0.6788321167883211,0.46055555555555555,0.5572519083969466,0.7849462365591398,0.5328467153284672,0.7476157407407408,0.9765625,4.825910931174089
2016-05-20,0.0,129.0,116.0,86.0,69.0,0.3333333333333333,0.27906976744186046,0.3875968992248062,0.456,178.50387596899225,10.062015503875969,0.8992248062015504,0.02462962962962963,0.6666666666666666,0.14090277777777777,0.5948275862068966,0.8023255813953488,0.5348837209302325,0.3579513888888889,1.0,4.90650406504065
2016-05-21,0.0,78.0,75.0,66.0,46.0,0.3717948717948718,0.21794871794871795,0.41025641025641024,0.5066666666666667,192.10256410256412,15.435897435897436,0.9615384615384616,0.02746527777777778,0.8461538461538461,0.2811226851851852,0.6133333333333333,0.696969696969697,0.5897435897435898,0.23025462962962964,1.0266666666666666,4.926174496644295
2016-05-22,0.0,74.0,67.0,58.0,46.0,0.24324324324324326,0.28378378378378377,0.47297297297297297,0.4788732394366197,171.72972972972974,4.391891891891892,0.9054054054054054,0.013368055555555555,0.7837837837837838,0.054189814814814816,0.6865671641791045,0.7931034482758621,0.6216216216216216,0.059363425925925924,1.0140845070422535,4.492957746478873
2016-05-23,0.0,90.0,79.0,65.0,52.0,0.28888888888888886,0.25555555555555554,0.45555555555555555,0.4418604651162791,202.2,5.588888888888889,0.8777777777777778,0.030081018518518517,0.7222222222222222,0.07708333333333334,0.6582278481012658,0.8,0.5777777777777777,0.15318287037037037,1.0116279069767442,4.208092485549133
2016-05-24,0.0,130.0,121.0,91.0,68.0,0.36923076923076925,0.2230769230769231,0.4076923076923077,0.4032258064516129,213.66923076923078,12.576923076923077,0.9307692307692308,0.03523148148148148,0.7,0.08864583333333333,0.5619834710743802,0.7472527472527473,0.5230769230769231,0.4475,1.0080645161290323,5.753036437246964
2016-05-25,0.0,121.0,117.0,96.0,71.0,0.371900826446281,0.1652892561983471,0.4628099173553719,0.45045045045045046,204.3305785123967,12.851239669421487,0.9669421487603306,0.02212962962962963,0.7933884297520661,0.07460648148148148,0.6068376068376068,0.7395833333333334,0.5867768595041323,0.2514236111111111,1.018018018018018,4.876712328767123
2016-05-26,0.0,121.0,107.0,75.0,65.0,0.33884297520661155,0.24793388429752067,0.4132231404958678,0.46551724137931033,192.52892561983472,8.47107438016529,0.8842975206611571,0.027094907407407408,0.6198347107438017,0.0625,0.6074766355140186,0.8666666666666667,0.5371900826446281,0.11054398148148148,1.0,4.288209606986899
2016-05-27,0.0,99.0,88.0,72.0,64.0,0.3434343434343434,0.24242424242424243,0.41414141414141414,0.4838709677419355,178.16161616161617,7.03030303030303,0.8888888888888888,0.03199074074074074,0.7272727272727273,0.18320601851851853,0.7272727272727273,0.8888888888888888,0.6464646464646465,0.15394675925925927,1.032258064516129,4.832432432432433
2016-05-28,0.0,86.0,76.0,60.0,47.0,0.27906976744186046,0.3023255813953488,0.4186046511627907,0.4875,185.30232558139534,6.755813953488372,0.8837209302325582,0.017060185185185185,0.6976744186046512,0.03868055555555556,0.618421052631579,0.7833333333333333,0.5465116279069767,0.0434837962962963,1.05,4.396341463414634
2016-05-29,0.0,75.0,70.0,54.0,49.0,0.3333333333333333,0.2,0.4666666666666667,0.4647887323943662,181.28,9.52,0.9333333333333333,0.018796296296296297,0.72,0.13636574074074073,0.7,0.9074074074074074,0.6533333333333333,0.013495370370370371,1.028169014084507,5.6573426573426575
2016-05-30,0.0,79.0,66.0,52.0,36.0,0.3291139240506329,0.3037974683544304,0.3670886075949367,0.4583333333333333,166.31645569620252,14.848101265822784,0.8354430379746836,0.03934027777777778,0.6582278481012658,0.10980324074074074,0.5454545454545454,0.6923076923076923,0.45569620253164556,0.04836805555555555,1.0555555555555556,4.673469387755102
2016-05-31,0.0,90.0,85.0,66.0,54.0,0.35555555555555557,0.2222222222222222,0.4222222222222222,0.47674418604651164,217.3111111111111,5.877777777777778,0.9444444444444444,0.025011574074074075,0.7333333333333333,0.3761574074074074,0.6352941176470588,0.8181818181818182,0.6,0.12739583333333335,1.0348837209302326,5.325581395348837
2016-06-01,0.0,128.0,107.0,95.0,68.0,0.4140625,0.21875,0.3671875,0.39669421487603307,201.4765625,11.140625,0.8359375,0.03605324074074074,0.7421875,0.06896990740740741,0.6355140186915887,0.7157894736842105,0.53125,0.29229166666666667,1.0082644628099173,4.322314049586777
2016-06-02,0.0,116.0,111.0,82.0,58.0,0.3879310344827586,0.23275862068965517,0.3793103448275862,0.45454545454545453,201.9655172413793,8.991379310344827,0.9568965517241379,0.023275462962962963,0.7068965517241379,0.5070254629629629,0.5225225225225225,0.7073170731707317,0.5,0.1412152777777778,0.9545454545454546,4.624413145539906
2016-06-03,0.0,116.0,109.0,79.0,65.0,0.3706896551724138,0.25,0.3793103448275862,0.4954128440366973,204.74137931034483,13.293103448275861,0.9396551724137931,0.031782407407407405,0.6810344827586207,0.16006944444444443,0.5963302752293578,0.8227848101265823,0.5603448275862069,0.34966435185185185,1.0091743119266054,6.291079812206573
2016-06-04,0.0,117.0,104.0,79.0,52.0,0.452991452991453,0.20512820512820512,0.3418803418803419,0.3853211009174312,228.23931623931625,11.256410256410257,0.8888888888888888,0.028576388888888887,0.6752136752136753,0.24533564814814815,0.5,0.6582278481012658,0.4444444444444444,0.16703703703703704,1.0642201834862386,4.795555555555556
2016-06-05,0.0,77.0,71.0,50.0,41.0,0.42857142857142855,0.24675324675324675,0.3246753246753247,0.3380281690140845,222.67532467532467,8.35064935064935,0.922077922077922,0.04033564814814815,0.6493506493506493,0.26241898148148146,0.5774647887323944,0.82,0.5324675324675324,0.32133101851851853,1.0704225352112675,4.793103448275862
2016-06-06,0.0,100.0,86.0,68.0,52.0,0.35,0.24,0.41,0.422680412371134,189.98,5.18,0.86,0.02605324074074074,0.68,0.5439699074074074,0.6046511627906976,0.7647058823529411,0.52,0.6983796296296296,1.0,5.238341968911917
2016-06-07,0.0,105.0,101.0,81.0,62.0,0.34285714285714286,0.23809523809523808,0.41904761904761906,0.4639175257731959,223.88571428571427,8.885714285714286,0.9619047619047619,0.02332175925925926,0.7714285714285715,0.20841435185185186,0.6138613861386139,0.7654320987654321,0.5904761904761905,0.3353125,1.0309278350515463,5.3121693121693125
2016-06-08,0.0,138.0,128.0,90.0,65.0,0.38405797101449274,0.3333333333333333,0.2826086956521739,0.4918032786885246,193.81159420289856,11.297101449275363,0.927536231884058,0.02574074074074074,0.6521739130434783,0.12375,0.5078125,0.7222222222222222,0.47101449275362317,0.15846064814814814,1.098360655737705,4.729838709677419
2016-06-09,0.0,95.0,86.0,75.0,54.0,0.37894736842105264,0.23157894736842105,0.3894736842105263,0.45054945054945056,194.6421052631579,7.3052631578947365,0.9052631578947369,0.03490740740740741,0.7894736842105263,0.1801851851851852,0.627906976744186,0.72,0.5684210526315789,0.38136574074074076,0.989010989010989,5.497237569060774
2016-06-10,0.0,129.0,122.0,90.0,72.0,0.3875968992248062,0.2558139534883721,0.35658914728682173,0.5206611570247934,166.41860465116278,12.387596899224807,0.9457364341085271,0.033229166666666664,0.6976744186046512,0.5980555555555556,0.5901639344262295,0.8,0.5581395348837209,0.7809375,1.0495867768595042,5.333333333333333
2016-06-11,0.0,86.0,86.0,68.0,56.0,0.2441860465116279,0.313953488372093,0.4418604651162791,0.46153846153846156,161.04651162790697,15.127906976744185,1.0,0.0209375,0.7906976744186046,0.25457175925925923,0.6511627906976745,0.8235294117647058,0.6511627906976745,0.18364583333333334,1.0512820512820513,5.10062893081761
2016-06-12,0.0,53.0,48.0,45.0,40.0,0.2830188679245283,0.2641509433962264,0.4528301886792453,0.5384615384615384,219.81132075471697,37.37735849056604,0.9056603773584906,0.02550925925925926,0.8490566037735849,0.028287037037037038,0.8333333333333334,0.8888888888888888,0.7547169811320755,0.05773148148148148,1.0192307692307692,4.380952380952381
2016-06-13,0.0,90.0,77.0,60.0,52.0,0.34444444444444444,0.26666666666666666,0.3888888888888889,0.4942528735632184,188.48888888888888,8.755555555555556,0.8555555555555555,0.02127314814814815,0.6666666666666666,0.05150462962962963,0.6753246753246753,0.8666666666666667,0.5777777777777777,0.0303125,1.0,4.97093023255814
2016-06-14,0.0,91.0,86.0,74.0,48.0,0.43956043956043955,0.14285714285714285,0.4175824175824176,0.550561797752809,221.47252747252747,9.648351648351648,0.945054945054945,0.03792824074074074,0.8131868131868132,0.590787037037037,0.5581395348837209,0.6486486486486487,0.5274725274725275,0.2757060185185185,1.0,4.4147727272727275
2016-06-15,0.0,93.0,92.0,74.0,54.0,0.3763440860215054,0.1827956989247312,0.44086021505376344,0.4606741573033708,193.0752688172043,9.75268817204301,0.989247311827957,0.024479166666666666,0.7956989247311828,0.04791666666666667,0.5869565217391305,0.7297297297297297,0.5806451612903226,0.054293981481481485,1.0112359550561798,4.47457627118644
2016-06-16,0.0,104.0,96.0,76.0,62.0,0.2692307692307692,0.25,0.4807692307692308,0.46534653465346537,216.71153846153845,8.375,0.9230769230769231,0.028425925925925927,0.7307692307692307,0.1546412037037037,0.6458333333333334,0.8157894736842105,0.5961538461538461,0.3269444444444444,0.9900990099009901,5.437810945273632
2016-06-17,0.0,103.0,98.0,78.0,62.0,0.3592233009708738,0.21359223300970873,0.42718446601941745,0.46464646464646464,200.05825242718447,15.902912621359222,0.9514563106796117,0.027430555555555555,0.7572815533980582,0.3734722222222222,0.6326530612244898,0.7948717948717948,0.6019417475728155,0.46149305555555553,1.0303030303030303,5.555
2016-06-18,0.0,93.0,85.0,72.0,59.0,0.3225806451612903,0.26881720430107525,0.40860215053763443,0.449438202247191,188.01075268817203,9.129032258064516,0.9139784946236559,0.02952546296296296,0.7741935483870968,0.06876157407407407,0.6941176470588235,0.8194444444444444,0.6344086021505376,0.22333333333333333,1.0112359550561798,4.863636363636363
2016-06-19,0.0,81.0,75.0,64.0,51.0,0.2962962962962963,0.2222222222222222,0.48148148148148145,0.5,212.46913580246914,12.469135802469136,0.9259259259259259,0.02554398148148148,0.7901234567901234,0.05430555555555556,0.68,0.796875,0.6296296296296297,0.07164351851851852,1.0256410256410255,5.063291139240507
2016-06-20,0.0,90.0,84.0,67.0,59.0,0.25555555555555554,0.23333333333333334,0.5111111111111111,0.4772727272727273,221.4,13.066666666666666,0.9333333333333333,0.02263888888888889,0.7444444444444445,0.07340277777777778,0.7023809523809523,0.8805970149253731,0.6555555555555556,0.7326388888888888,1.0,5.908045977011494
2016-06-21,0.0,127.0,117.0,93.0,72.0,0.3464566929133858,0.25196850393700787,0.4015748031496063,0.4462809917355372,186.11811023622047,9.125984251968504,0.9212598425196851,0.02420138888888889,0.7322834645669292,0.10549768518518518,0.6153846153846154,0.7741935483870968,0.5669291338582677,0.1363425925925926,1.0,5.2625
2016-06-22,0.0,130.0,130.0,99.0,81.0,0.36153846153846153,0.25384615384615383,0.38461538461538464,0.4426229508196721,195.36923076923077,9.246153846153845,1.0,0.023483796296296298,0.7615384615384615,0.20342592592592593,0.6230769230769231,0.8181818181818182,0.6230769230769231,0.1085300925925926,1.0245901639344261,6.093117408906883
2016-06-23,0.0,121.0,110.0,93.0,75.0,0.3305785123966942,0.2644628099173554,0.4049586776859504,0.4608695652173913,214.03305785123968,3.487603305785124,0.9090909090909091,0.025069444444444443,0.768595041322314,0.13461805555555556,0.6818181818181818,0.8064516129032258,0.6198347107438017,0.18502314814814816,1.017391304347826,5.184210526315789
2016-06-24,0.0,127.0,123.0,101.0,88.0,0.2992125984251969,0.1732283464566929,0.5275590551181102,0.5245901639344263,186.4251968503937,8.32283464566929,0.968503937007874,0.017256944444444443,0.7952755905511811,0.07982638888888889,0.7154471544715447,0.8712871287128713,0.6929133858267716,0.05732638888888889,0.9754098360655737,5.122881355932203
2016-06-25,0.0,90.0,82.0,71.0,59.0,0.32222222222222224,0.2111111111111111,0.4666666666666667,0.39080459770114945,184.34444444444443,9.144444444444444,0.9111111111111111,0.022916666666666665,0.7888888888888889,0.13935185185185187,0.7195121951219512,0.8309859154929577,0.6555555555555556,0.061828703703703705,0.9885057471264368,4.1395348837209305
2016-06-26,0.0,66.0,61.0,56.0,39.0,0.3181818181818182,0.24242424242424243,0.4393939393939394,0.3125,198.5151515151515,2.0757575757575757,0.9242424242424242,0.023657407407407408,0.8484848484848485,0.08246527777777778,0.639344262295082,0.6964285714285714,0.5909090909090909,0.09828703703703703,1.0,4.9921875
2016-06-27,0.0,96.0,86.0,69.0,64.0,0.2708333333333333,0.19791666666666666,0.53125,0.4631578947368421,221.36458333333334,12.739583333333334,0.8958333333333334,0.02872685185185185,0.71875,0.1321875,0.7441860465116279,0.927536231884058,0.6666666666666666,0.27016203703703706,0.9894736842105263,5.807486631016043
2016-06-28,0.0,106.0,101.0,89.0,67.0,0.330188679245283,0.24528301886792453,0.42452830188679247,0.46534653465346537,211.26415094339623,11.254716981132075,0.9528301886792453,0.02560185185185185,0.839622641509434,0.08122685185185186,0.6633663366336634,0.7528089887640449,0.6320754716981132,0.15623842592592593,0.9900990099009901,5.333333333333333
2016-06-29,0.0,161.0,153.0,108.0,85.0,0.422360248447205,0.20496894409937888,0.37267080745341613,0.4217687074829932,218.96273291925465,10.732919254658386,0.9503105590062112,0.0228125,0.6708074534161491,0.10351851851851852,0.5555555555555556,0.7870370370370371,0.5279503105590062,0.16556712962962963,1.0204081632653061,5.5426621160409555
2016-06-30,0.0,145.0,132.0,110.0,81.0,0.33793103448275863,0.23448275862068965,0.42758620689655175,0.4244604316546763,210.24137931034483,10.068965517241379,0.9103448275862069,0.02480324074074074,0.7586206896551724,0.12233796296296297,0.6136363636363636,0.7363636363636363,0.5586206896551724,0.16363425925925926,0.9784172661870504,5.11070110701107
