date,day,cr_all,rt_all,rgr_all,cr_Copacabana,rt_Copacabana,rgr_Copacabana,cr_Ipanema,rt_Ipanema,rgr_Ipanema,cr_Leblon,rt_Leblon,rgr_Leblon,cr_Barra da Tijuca,rt_Barra da Tijuca,rgr_Barra da Tijuca,cr_Entire home-apt,rt_Entire home-apt,rgr_Entire home-apt,cr_Private room,rt_Private room,rgr_Private room,cr_Shared room,rt_Shared room,rgr_Shared room,cr_BR,rt_BR,rgr_BR,cr_US,rt_US,rgr_US,cr_AR,rt_AR,rgr_AR,cr_FR,rt_FR,rgr_FR
2016-01-01,Friday,0.48214285714285715,1.0414722222222224,0.5555555555555556,0.47058823529411764,1.3060339506172223,0.4375,0.42857142857142855,0.5134027777777778,0.6666666666666666,1.0,,0.0,1.0,,1.0,0.3888888888888889,0.8952777777777777,0.5714285714285714,0.7058823529411765,1.5204012345677778,0.5833333333333334,0.3333333333333333,0.2751388888888889,0.0,0.2631578947368421,1.1835555555555557,0.4,0.0,1.1613888888888888,,0.5,0.7575925925925,0.6666666666666666,0.75,0.3034722222222222,0.5
2016-01-02,Saturday,0.42016806722689076,1.2678499278497222,0.64,0.42028985507246375,1.3076296296294443,0.5517241379310345,0.3181818181818182,1.419281045751389,0.7142857142857143,0.16666666666666666,1.4427777777777777,0.0,0.3333333333333333,0.8636111111111111,0.5,0.4,1.3326047358833333,0.631578947368421,0.5,1.0872407407405555,0.6363636363636364,0.5,0.026944444444444444,1.0,0.1702127659574468,1.2723905723905555,0.25,0.6666666666666666,1.375595238095,0.75,0.3,1.1380246913577778,0.6666666666666666,0.5,1.0372222222222223,0.8
2016-01-03,Sunday,0.4065040650406504,1.562516583747778,0.58,0.3333333333333333,1.5178827160491668,0.5555555555555556,0.47058823529411764,1.4519791666666666,0.625,0.25,1.4587037037036112,1.0,0.6,2.4695833333333335,0.3333333333333333,0.38636363636363635,1.3273550724636112,0.5294117647058824,0.5161290322580645,2.081973684210278,0.6875,0.0,2.036388888888889,,0.21428571428571427,1.8377700617283332,0.3333333333333333,0.631578947368421,1.3629012345677776,0.5833333333333334,0.3333333333333333,0.9497222222222222,0.0,0.6,0.09902777777777778,0.3333333333333333
2016-01-04,Monday,0.3263157894736842,1.2068672839505554,0.532258064516129,0.3,1.3213961988302778,0.5833333333333334,0.2413793103448276,0.610211640211389,0.5714285714285714,0.2857142857142857,1.429861111111111,0.5,0.125,2.131388888888889,0.0,0.3148148148148148,1.2947020202019444,0.49019607843137253,0.38461538461538464,0.4633888888888889,0.8,0.5,2.6972222222222224,0.0,0.2184873949579832,1.2482848837208333,0.34615384615384615,0.3888888888888889,0.5332264957263889,0.8571428571428571,0.16666666666666666,0.6552777777777777,1.0,0.625,2.250277777777778,0.4
2016-01-05,Tuesday,0.28634361233480177,1.176646390916389,0.5538461538461539,0.25,1.1137188208616666,0.46153846153846156,0.25,1.1270987654319444,0.875,0.42857142857142855,2.5132777777777777,0.6666666666666666,0.4,1.9745370370369444,0.5,0.26881720430107525,1.1561135693213889,0.54,0.38461538461538464,1.2935144927536113,0.6,0.0,0.8088888888888889,,0.176056338028169,1.1410005973713888,0.48,0.5263157894736842,1.2745634920633335,0.8,0.2727272727272727,1.5483333333333333,0.6666666666666666,0.3333333333333333,0.7754166666666666,0.5
2016-01-06,Wednesday,0.25190839694656486,1.2547634920633333,0.5303030303030303,0.23295454545454544,1.3335802469133333,0.4878048780487805,0.25,1.2394348659002778,0.5454545454545454,0.5555555555555556,0.16333333333333333,0.2,0.125,0.6406944444444445,1.0,0.2102803738317757,1.202905251141389,0.5111111111111111,0.5,1.3786858974358334,0.5714285714285714,0.0,2.7045370370369444,,0.1513157894736842,1.129618686868611,0.43478260869565216,0.32,1.247756410256389,0.75,0.5333333333333333,0.9922222222222222,0.375,0.5,1.9245370370369446,1.0
2016-01-07,Thursday,0.32916666666666666,0.9790904139433333,0.4810126582278481,0.3,1.0197689511941668,0.4375,0.30303030303030304,0.7419722222222221,0.5,0.14285714285714285,0.17291666666666666,0.0,0.5714285714285714,0.36666666666666664,0.75,0.30456852791878175,1.0772288888888888,0.45,0.45,0.582011111111111,0.6111111111111112,0.3333333333333333,0.1989814814813889,0.0,0.21481481481481482,0.914704301075,0.3448275862068966,0.7894736842105263,0.9265277777777777,0.5333333333333333,0.2,1.5808888888888888,0.6666666666666666,0.5454545454545454,1.3459259259258334,0.3333333333333333
2016-01-08,Friday,0.32124352331606215,1.1445426245208334,0.6451612903225806,0.3076923076923077,1.1221235380116668,0.625,0.3333333333333333,1.51,0.7777777777777778,0.5,0.6856481481480556,0.6666666666666666,0.2,1.1691111111111112,1.0,0.30718954248366015,1.1486979166666667,0.6170212765957447,0.45454545454545453,1.1578594771241668,0.7333333333333333,0.0,0.9361111111111111,,0.17647058823529413,0.8913888888888889,0.6111111111111112,0.44,1.7648412698411111,0.8181818181818182,0.6,1.0825555555555555,0.3333333333333333,0.6363636363636364,0.7353240740738889,0.5714285714285714
2016-01-09,Saturday,0.3416149068322981,0.9633108866441666,0.45454545454545453,0.32456140350877194,0.854848856208889,0.4594594594594595,0.38461538461538464,0.7470454545452777,0.4,0.5,0.06851851851833334,0.3333333333333333,0.0,1.9456944444444444,,0.3445378151260504,0.8909947447447222,0.4634146341463415,0.35135135135135137,1.2771739130433333,0.46153846153846156,0.2,0.029583333333333333,0.0,0.18292682926829268,0.8501705653019445,0.2,0.5833333333333334,0.9412121212119444,0.42857142857142855,0.45454545454545453,1.2728472222222222,0.6,0.6,1.3172777777777778,0.3333333333333333
2016-01-10,Sunday,0.42038216560509556,1.315002923976389,0.6212121212121212,0.38095238095238093,1.3321604938269445,0.525,0.45,0.8211904761902777,0.8888888888888888,0.25,3.330138888888889,1.0,0.2,3.3210185185183336,1.0,0.36666666666666664,1.448899853801111,0.6136363636363636,0.6111111111111112,0.7964969135800001,0.6363636363636364,0.0,0.47194444444444444,,0.203125,1.4864130434780554,0.3076923076923077,0.6428571428571429,0.8189583333333333,0.7777777777777778,0.5,1.292361111111111,0.16666666666666666,0.75,0.9901666666666666,0.8888888888888888
2016-01-11,Monday,0.2575107296137339,1.2357133058983332,0.5,0.24203821656050956,1.3378997923155556,0.42105263157894735,0.3333333333333333,0.8201543209875,0.75,0.2,0.6984259259258334,0.5,0.0,0.48756944444444444,,0.21195652173913043,1.2389423076922224,0.4358974358974359,0.46511627906976744,1.1688122605363889,0.6,0.16666666666666666,1.7425,1.0,0.14388489208633093,1.1477857905980555,0.25,0.32,1.5025653594769446,0.5,0.5,3.0590277777777777,0.5,0.8888888888888888,1.2000925925925001,0.5
2016-01-12,Tuesday,0.2585551330798479,0.9483486878836112,0.4411764705882353,0.18674698795180722,0.8330446194225,0.45161290322580644,0.21875,1.2222115384613887,0.42857142857142855,0.3333333333333333,1.6341666666666668,0.5,0.3333333333333333,0.8394444444444444,0.0,0.20689655172413793,0.9655862193361111,0.5,0.42105263157894735,0.7659126984125,0.375,0.6666666666666666,2.6175925925924997,0.0,0.14857142857142858,0.8544607843136112,0.23076923076923078,0.5217391304347826,0.7061764705880557,0.6666666666666666,0.2222222222222222,1.2061111111111111,0.5,0.4444444444444444,0.9438888888888889,0.75
2016-01-13,Wednesday,0.24644549763033174,1.160009077705,0.5192307692307693,0.2097902097902098,1.2027505446622222,0.5,0.16,0.9841527777777778,0.5,0.25,1.0061507936505556,0.0,0.3333333333333333,0.4142592592591666,1.0,0.21839080459770116,1.1636657917758333,0.5,0.41935483870967744,1.1104583333333333,0.5384615384615384,0.16666666666666666,1.2477777777777779,1.0,0.12295081967213115,1.1034678362572221,0.2,0.4,1.525638888888889,0.5,0.4,0.9590277777777778,0.5,0.36363636363636365,2.558919753086389,0.75
2016-01-14,Thursday,0.34868421052631576,0.9742020697166667,0.5849056603773585,0.32,0.9712307692305555,0.625,0.4444444444444444,1.0078009259258334,0.5,0.5714285714285714,0.9978240740738888,0.25,0.0,0.3792129629627778,,0.3275862068965517,0.9038603988602778,0.631578947368421,0.3939393939393939,1.1920767195766666,0.46153846153846156,0.6666666666666666,1.2779629629627778,0.5,0.2222222222222222,0.8392372881355555,0.5,0.6428571428571429,1.345173611111111,0.7777777777777778,0.3,1.2391975308641667,0.6666666666666666,0.6,0.8506944444444444,1.0
2016-01-15,Friday,0.2840909090909091,1.1621185737975,0.54,0.2830188679245283,1.2333720112516666,0.5666666666666667,0.1875,1.2746794871794442,0.16666666666666666,0.0,0.5673611111111111,,0.16666666666666666,0.8584444444444445,0.0,0.27702702702702703,1.1608771929822224,0.4878048780487805,0.375,1.132517361111111,0.7777777777777778,0.0,1.3159027777777779,,0.12149532710280374,1.0851570048308332,0.23076923076923078,0.5416666666666666,1.3859814814813889,0.6923076923076923,0.5,0.9125793650791666,0.2,0.625,0.5603888888888889,1.0
2016-01-16,Saturday,0.49230769230769234,1.130753968253889,0.546875,0.4931506849315068,1.105074074073889,0.5833333333333334,0.30434782608695654,1.5107716049380555,0.2857142857142857,0.6,1.3229861111111112,0.6666666666666666,0.3333333333333333,1.4672222222222222,1.0,0.4639175257731959,1.156447132616389,0.6,0.5666666666666667,1.1490694444444443,0.4117647058823529,0.6666666666666666,0.1511111111111111,0.5,0.32653061224489793,0.8665114379083333,0.3125,0.65,1.4745707070705556,0.6923076923076923,0.7142857142857143,1.581481481481389,0.8,0.5714285714285714,0.09416666666666666,1.0
2016-01-17,Sunday,0.42105263157894735,1.1648611111111111,0.578125,0.3786407766990291,1.0870570570569444,0.5384615384615384,0.6875,1.3872685185183333,0.8181818181818182,0.5,2.5105555555555554,1.0,0.16666666666666666,0.6154166666666666,0.0,0.45132743362831856,1.1817304804802777,0.5882352941176471,0.3333333333333333,1.1232499999999999,0.5384615384615384,,,,0.21212121212121213,1.1272693920333334,0.35714285714285715,0.4166666666666667,1.1521969696969445,0.8,0.7692307692307693,0.7177430555555555,0.2,0.6470588235294118,0.9887962962961111,0.8181818181818182
2016-01-18,Monday,0.3315508021390374,1.028799145298889,0.4838709677419355,0.3277310924369748,1.0076076388888888,0.48717948717948717,0.23529411764705882,0.6600925925925001,0.5,0.1111111111111111,0.7533641975308333,0.0,0.25,0.6396527777777777,0.0,0.32608695652173914,0.9225057273766667,0.4888888888888889,0.3695652173913043,1.356435185185,0.47058823529411764,0.0,1.1892592592591666,,0.14130434782608695,0.9276644736841667,0.38461538461538464,0.7619047619047619,0.8109126984124999,0.5625,0.3125,1.0556944444444445,0.2,0.6,0.5414930555555556,0.5
2016-01-19,Tuesday,0.35384615384615387,1.0989031862744445,0.37681159420289856,0.2868217054263566,1.0000488400486112,0.3783783783783784,0.4782608695652174,1.3133854166666667,0.5454545454545454,0.6666666666666666,1.2404861111111112,0.5,0.4166666666666667,0.7193434343433334,0.2,0.3375796178343949,1.073224747474722,0.37735849056603776,0.45454545454545453,1.0621980676327778,0.3333333333333333,0.2,2.3218518518516666,1.0,0.20408163265306123,1.1715491452988889,0.1,0.7692307692307693,0.58875,0.6,0.1875,0.7051923076922223,0.3333333333333333,0.5555555555555556,0.919611111111111,0.6
2016-01-20,Wednesday,0.4222222222222222,0.9488151927436111,0.5789473684210527,0.4426229508196721,0.9465062597808334,0.6111111111111112,0.21052631578947367,1.038914141413889,0.5,0.0,0.682685185185,,0.25,0.9936111111111111,1.0,0.3602941176470588,0.836188888888889,0.6326530612244898,0.6216216216216216,1.2309502923975,0.43478260869565216,0.5714285714285714,1.7204166666666667,0.75,0.12903225806451613,1.1248076923074999,0.5,0.7142857142857143,0.5920555555555556,0.7333333333333333,0.5,0.18072222222222223,0.6666666666666666,0.6363636363636364,1.6342592592591667,0.5714285714285714
2016-01-21,Thursday,0.325,1.204798941798889,0.46153846153846156,0.3135593220338983,1.1844629629627779,0.5135135135135135,0.07692307692307693,0.7694444444444445,1.0,0.6666666666666666,1.9995833333333333,0.0,0.6666666666666666,0.41659722222222223,0.0,0.272,1.1225575880758334,0.47058823529411764,0.53125,1.526125,0.4117647058823529,0.3333333333333333,1.3105555555555555,1.0,0.22077922077922077,1.2218820861677777,0.23529411764705882,0.5,0.5647222222222222,0.7,0.3888888888888889,0.9660470085469445,0.14285714285714285,0.5,0.7983333333333333,0.5
2016-01-22,Friday,0.3815028901734104,1.0113276836155556,0.5151515151515151,0.31746031746031744,1.221521464646389,0.55,0.75,0.5222777777777778,0.5555555555555556,0.75,-0.005277777777777778,0.0,0.3333333333333333,0.36141975308638885,0.0,0.39097744360902253,1.0209883040933334,0.5,0.35135135135135137,1.014154040403889,0.6153846153846154,0.3333333333333333,0.03138888888888889,0.0,0.2545454545454545,0.9562481962480556,0.4642857142857143,0.625,0.9453703703702778,0.7,0.375,1.2192708333333333,0.0,0.2,1.1998148148147223,0.0
2016-01-23,Saturday,0.3464566929133858,1.1298595146869443,0.5,0.37362637362637363,1.0489890710380556,0.5,0.7272727272727273,0.4562962962961111,0.375,0.0,0.1976388888888889,,0.0,1.7418518518516668,,0.33636363636363636,1.1102888888888889,0.4864864864864865,0.4375,1.2777272727272222,0.5714285714285714,0.0,0.9711111111111111,,0.2571428571428571,1.079764957264722,0.3333333333333333,0.8,1.007453703703611,0.6666666666666666,0.3333333333333333,0.52375,0.3333333333333333,0.125,2.2475,0.0
2016-01-24,Sunday,0.4878048780487805,0.9089964157705556,0.55,0.4805194805194805,1.0010360360358335,0.5135135135135135,0.5333333333333333,1.11375,0.625,0.25,1.220763888888889,0.0,0.5,0.26305555555555554,0.0,0.48,0.9662860082302779,0.5208333333333334,0.5217391304347826,0.5222916666666667,0.6666666666666666,,,,0.3333333333333333,0.9786026936025,0.4117647058823529,0.4117647058823529,0.7873148148147223,0.7142857142857143,0.5714285714285714,1.0256944444444445,0.25,0.42857142857142855,0.2917592592591666,1.0
2016-01-25,Monday,0.3854166666666667,1.1561827256944444,0.4594594594594595,0.3821138211382114,1.1143506944444443,0.46808510638297873,0.45,1.3364722222222223,0.5555555555555556,0.375,1.1032291666666667,0.0,0.0,1.5852083333333333,,0.3333333333333333,1.0783666666666667,0.3958333333333333,0.5581395348837209,1.269826388888889,0.5416666666666666,0.4,2.419722222222222,1.0,0.21782178217821782,1.016381481481389,0.2727272727272727,0.6,1.2378009259258334,0.5833333333333334,0.35714285714285715,1.8345679012344442,0.4,0.625,1.0595138888888889,0.7
2016-01-26,Tuesday,0.33540372670807456,0.9079340277777778,0.5,0.3523809523809524,0.7990766823161111,0.5405405405405406,0.3333333333333333,1.3480982905980556,0.2857142857142857,0.14285714285714285,0.3903703703702778,0.0,0.0,0.24194444444444443,,0.33587786259541985,0.8525301932366666,0.45454545454545453,0.2962962962962963,1.271311728395,0.75,0.6666666666666666,0.18611111111111112,0.5,0.2111111111111111,0.7531658496730556,0.3684210526315789,0.5833333333333334,1.8683641975308334,0.42857142857142855,0.625,0.7541666666666667,0.2,0.6,0.23537037037027778,0.6666666666666666
2016-01-27,Wednesday,0.36548223350253806,0.9772847682116667,0.5555555555555556,0.3282442748091603,0.9948730158727778,0.46511627906976744,0.39285714285714285,0.8266183574877778,0.8181818181818182,0.25,0.25583333333333336,0.0,0.0,0.1802777777777778,,0.363013698630137,1.0298223223222223,0.5283018867924528,0.391304347826087,0.8090972222222222,0.6111111111111112,0.2,1.0330555555555556,1.0,0.2222222222222222,0.8892370370369443,0.36363636363636365,0.391304347826087,0.9887777777777778,0.7777777777777778,0.21428571428571427,0.46242424242416663,0.0,0.8181818181818182,0.9461111111111111,0.7777777777777778
2016-01-28,Thursday,0.3700787401574803,1.2443759512936112,0.574468085106383,0.28205128205128205,1.2698090277777778,0.6363636363636364,0.4444444444444444,0.7634259259258334,0.0,0.6666666666666666,4.064166666666667,1.0,0.2,2.0547222222222223,1.0,0.3488372093023256,1.2474433106575,0.5666666666666667,0.43243243243243246,1.1247222222222222,0.5625,0.25,2.0318518518516666,1.0,0.2647058823529412,1.341736111111111,0.5555555555555556,0.5,0.9363888888888889,0.6666666666666666,0.16666666666666666,1.7247222222222223,0.5,0.42857142857142855,0.31444444444444447,0.3333333333333333
2016-01-29,Friday,0.3467741935483871,1.1031097560975,0.5581395348837209,0.3146067415730337,1.1595760233916668,0.5,0.26666666666666666,0.7584490740738888,0.5,1.0,0.2708333333333333,0.0,0.5,1.4170833333333333,0.0,0.3333333333333333,1.0846448087430556,0.5333333333333333,0.3870967741935484,1.2065555555555556,0.5833333333333334,0.3333333333333333,0.16055555555555556,1.0,0.2,1.1652997076022222,0.36363636363636365,0.4,1.2569907407405556,0.7,0.3333333333333333,1.195111111111111,0.25,0.0,1.113703703703611,
2016-01-30,Saturday,0.42857142857142855,0.9791333333333334,0.5897435897435898,0.3548387096774194,1.2332793209875,0.5454545454545454,0.42857142857142855,0.2876388888888889,1.0,0.5,0.16416666666666666,0.0,0.0,0.8143055555555555,,0.3939393939393939,1.067368827160278,0.6538461538461539,0.5,0.7938034188033334,0.4166666666666667,1.0,0.21194444444444444,1.0,0.10344827586206896,1.060354938271389,0.3333333333333333,0.7692307692307693,0.30622222222222223,0.8,0.42857142857142855,0.9282575757575,0.6666666666666666,0.36363636363636365,1.9571296296294445,0.0
2016-01-31,Sunday,0.47058823529411764,1.3336608623547221,0.5416666666666666,0.4603174603174603,1.4399358974358334,0.5172413793103449,0.625,0.9147777777777777,0.6,1.0,0.1213888888888889,0.0,0.0,0.8276388888888889,,0.4927536231884058,1.3869021739127778,0.4411764705882353,0.43333333333333335,1.3285087719297222,0.7692307692307693,0.3333333333333333,0.15805555555555556,1.0,0.29545454545454547,1.4378333333333333,0.38461538461538464,0.75,0.8948888888888888,0.4444444444444444,0.3,1.4416319444444445,0.3333333333333333,1.0,0.4812222222222223,0.75
2016-02-01,Monday,0.4304635761589404,1.0617671394797223,0.5538461538461539,0.4148936170212766,1.1370164609052777,0.5128205128205128,0.35714285714285715,1.0032894736841667,0.6,0.8,0.2995555555555556,0.0,0.0,0.4979166666666667,,0.4,1.0348418803416666,0.5714285714285714,0.5,1.1593269230766665,0.47619047619047616,0.5,0.7996296296294444,1.0,0.352112676056338,1.0461975308641667,0.48,0.5,0.8499494949494445,0.7777777777777778,0.38461538461538464,0.8396759259258334,0.8,0.5454545454545454,1.3270634920633335,0.8333333333333334
2016-02-02,Tuesday,0.3609022556390977,0.9224288617886112,0.5625,0.32558139534883723,0.9325854700852777,0.6071428571428571,0.35,1.2205753968252777,0.5714285714285714,0.5,0.10727777777777778,0.25,0.8,0.6763888888888889,0.75,0.3473684210526316,0.9309289617486112,0.6060606060606061,0.40625,0.9609477124180557,0.46153846153846156,0.3333333333333333,0.6290972222222222,0.5,0.28169014084507044,0.8661369509041666,0.45,0.4444444444444444,0.5232098765430555,0.625,0.6666666666666666,1.2958333333333334,0.25,0.2857142857142857,2.8289999999999997,1.0
2016-02-03,Wednesday,0.4264705882352941,1.0002670940169445,0.5862068965517241,0.35,0.8925383141761111,0.5714285714285714,0.8571428571428571,0.9103240740738888,0.5833333333333334,0.8333333333333334,0.4909722222222222,0.6,0.0,2.5813888888888887,,0.3763440860215054,0.8916721132897222,0.5714285714285714,0.575,1.2740856481480556,0.6086956521739131,0.0,0.6558333333333334,,0.2878787878787879,0.9297997416019443,0.42105263157894735,0.7058823529411765,0.9436904761902777,0.75,0.1,0.9664285714283334,0.0,0.5,1.4762962962961113,1.0
2016-02-04,Thursday,0.4146341463414634,1.1146917808216665,0.5882352941176471,0.3522727272727273,1.1048181818180556,0.5483870967741935,0.7777777777777778,0.10125,0.7142857142857143,0.25,1.7565277777777777,0.0,,,,0.37362637362637363,1.1252367941711112,0.5,0.5555555555555556,1.2014444444444443,0.8,0.4,0.35930555555555554,0.5,0.2698412698412698,1.085423611111111,0.47058823529411764,0.7142857142857143,1.466611111111111,0.7,0.125,2.558935185185,0.0,0.75,0.5773611111111111,0.5
2016-02-05,Friday,0.5096153846153846,0.9854769392033333,0.4716981132075472,0.4857142857142857,1.1023757309938889,0.5294117647058824,0.625,0.3472222222222222,0.2,0.5,0.5191666666666667,0.0,0.5,1.6738194444444445,0.0,0.4931506849315068,1.0887134502922222,0.5,0.5925925925925926,0.48598484848472223,0.375,0.25,1.3783333333333334,1.0,0.3488372093023256,0.9878409090908333,0.06666666666666667,0.625,0.6171913580244445,0.5,0.42857142857142855,0.3516666666666667,0.3333333333333333,0.8333333333333334,0.8897222222222222,0.6
2016-02-06,Saturday,0.5614035087719298,1.2541503267972223,0.5625,0.5952380952380952,0.9558459595958334,0.56,0.0,,,,,,1.0,3.161388888888889,0.0,0.5384615384615384,1.1479444444444447,0.6190476190476191,0.5882352941176471,1.7152777777777777,0.4,1.0,0.22027777777777777,1.0,0.5,1.7331944444444445,0.3333333333333333,0.75,1.8923611111111112,0.5,0.75,0.3352777777777778,0.3333333333333333,0.5,1.1205555555555555,0.75
2016-02-07,Sunday,0.5245901639344263,1.273981481481389,0.53125,0.41025641025641024,1.3920717592591667,0.5,0.7142857142857143,0.2567592592591667,0.2,1.0,,1.0,1.0,2.549722222222222,1.0,0.5319148936170213,1.2662731481480556,0.52,0.4166666666666667,1.46125,0.6,1.0,0.4301388888888889,0.5,0.3157894736842105,1.5465972222222222,0.5,0.8,2.216666666666667,0.75,0.3333333333333333,1.2709722222222222,1.0,0.5714285714285714,1.3965555555555556,0.5
2016-02-08,Monday,0.5857142857142857,0.8534909909908334,0.5121951219512195,0.5384615384615384,0.9534027777777778,0.5238095238095238,0.5714285714285714,0.17027777777777778,0.5,0.8,0.21546296296277778,0.5,0.5,1.9647222222222223,0.0,0.5416666666666666,0.8531712962961111,0.5,0.6666666666666666,0.6883796296294444,0.5,1.0,2.8425,1.0,0.5294117647058824,0.23219444444444443,0.1111111111111111,0.75,0.31055555555555553,0.7777777777777778,0.4166666666666667,0.950388888888889,0.2,0.6,0.5892592592591667,0.6666666666666666
2016-02-09,Tuesday,0.5853658536585366,1.1365864197530555,0.5833333333333334,0.5818181818181818,1.142203703703611,0.5625,0.45454545454545453,1.3242460317458333,0.6,1.0,1.082361111111111,0.3333333333333333,0.0,0.08916666666666667,,0.5967741935483871,1.0892003367002778,0.5945945945945946,0.55,1.2668981481480557,0.5454545454545454,,,,0.3333333333333333,1.2368672839505555,0.4,0.75,1.099375,0.7777777777777778,0.42857142857142855,1.5125555555555554,0.0,1.0,0.28490740740722226,1.0
2016-02-10,Wednesday,0.5384615384615384,1.2714990421455556,0.5918367346938775,0.4897959183673469,1.55828125,0.5416666666666666,0.5833333333333334,0.6517658730158333,0.7857142857142857,0.0,0.18319444444444444,,0.5,0.22236111111111112,0.0,0.5142857142857142,1.3670802469133332,0.5833333333333334,0.5882352941176471,1.0406060606058334,0.6,0.75,0.3908333333333333,0.6666666666666666,0.4,0.9681730769230555,0.3125,0.5454545454545454,0.7931018518516666,0.6666666666666666,0.6666666666666666,0.15055555555555555,1.0,0.875,1.745611111111111,0.7142857142857143
2016-02-11,Thursday,0.5398230088495575,1.30390625,0.639344262295082,0.4857142857142857,1.1950340136052777,0.5294117647058824,0.7692307692307693,1.4076388888888889,0.9,0.8,0.03361111111111111,1.0,0.42857142857142855,2.477986111111111,0.6666666666666666,0.5348837209302325,1.2788835470083333,0.6739130434782609,0.5384615384615384,1.412337962962778,0.5,1.0,,1.0,0.3508771929824561,1.3996921921919445,0.5,0.6666666666666666,1.5863194444444444,1.0,0.5,1.1455,0.25,1.0,,1.0
2016-02-12,Friday,0.5865384615384616,1.26125,0.5409836065573771,0.5857142857142857,1.2563377192980556,0.5121951219512195,0.5,1.0719999999999998,0.75,0.5,1.6710185185183335,0.5,0.5,,0.0,0.5517241379310345,1.188168934240278,0.5833333333333334,0.75,1.659135802468889,0.3333333333333333,1.0,,1.0,0.4444444444444444,1.2253198653197224,0.4166666666666667,0.75,1.4985000000000002,0.8888888888888888,0.8,1.6628703703702779,0.0,0.6666666666666666,0.3815277777777778,0.75
2016-02-13,Saturday,0.5789473684210527,1.1996555555555557,0.5454545454545454,0.625,1.3350957854405556,0.5333333333333333,0.5555555555555556,0.2222222222222222,0.6,0.6,1.426611111111111,0.6666666666666666,0.0,1.2142592592591668,,0.55,1.1759237726097223,0.48484848484848486,0.6666666666666666,1.3454365079363888,0.7,1.0,,1.0,0.46875,1.167199074073889,0.3333333333333333,0.8571428571428571,0.42868055555555556,0.8333333333333334,0.5,1.6924074074072224,0.25,0.5,2.843472222222222,0.0
2016-02-14,Sunday,0.6705882352941176,1.214286616161389,0.5789473684210527,0.711864406779661,1.0291218637991668,0.5238095238095238,0.5555555555555556,1.0977777777777777,0.8,0.5,0.8848611111111111,0.6666666666666666,1.0,1.9327777777777777,1.0,0.6533333333333333,1.170620155038611,0.5306122448979592,0.7777777777777778,3.0919444444444446,1.0,1.0,,0.0,0.6216216216216216,1.2202361111111113,0.4782608695652174,0.6666666666666666,0.9240476190475,0.8333333333333334,0.25,2.2061574074072223,0.0,0.5,1.7967592592591668,0.75
2016-02-15,Monday,0.5865384615384616,0.7962626262625001,0.5409836065573771,0.48148148148148145,0.8976254480286111,0.5769230769230769,0.7058823529411765,0.6413888888888889,0.5833333333333334,0.8,0.38740740740722224,0.375,0.75,0.3565740740738889,0.3333333333333333,0.5949367088607594,0.7955069444444444,0.5106382978723404,0.6875,1.160798611111111,0.6363636363636364,0.3333333333333333,0.38396825396805556,0.6666666666666666,0.46153846153846156,0.7476574074072222,0.4166666666666667,0.9230769230769231,0.9155000000000001,0.6666666666666666,0.3333333333333333,0.6838888888888889,0.5,1.0,0.6763888888888889,1.0
2016-02-16,Tuesday,0.5144927536231884,0.9183163956638889,0.5070422535211268,0.5061728395061729,0.7188599537036111,0.3902439024390244,0.6956521739130435,0.9968888888888889,0.625,0.5,1.8583333333333334,0.6666666666666666,0.0,0.38083333333333336,,0.5,0.9196309523808334,0.5087719298245614,0.5833333333333334,0.9106481481480556,0.5,,,,0.4,0.9283914728680556,0.23076923076923078,0.6666666666666666,0.5992777777777778,0.6666666666666666,0.38461538461538464,0.6091666666666666,0.4,0.4,1.06875,1.0
2016-02-17,Wednesday,0.4782608695652174,1.260799145298889,0.5272727272727272,0.4358974358974359,1.2782277777777777,0.4117647058823529,0.6428571428571429,1.0864583333333333,0.7777777777777778,0.6,1.1409722222222223,0.6666666666666666,1.0,,0.5,0.47474747474747475,1.3202876984125,0.5531914893617021,0.5333333333333333,0.8906481481480556,0.375,0.0,,,0.4262295081967213,1.2052558479530555,0.34615384615384615,0.5,1.2447530864197223,1.0,0.5,1.1508796296294446,0.2,0.5714285714285714,1.3411111111111111,1.0
2016-02-18,Thursday,0.5242718446601942,0.8018931623930555,0.5185185185185185,0.5342465753424658,0.7469733796294444,0.5384615384615384,0.7142857142857143,0.33964285714277775,0.5,0.2857142857142857,1.73125,0.5,,,,0.5119047619047619,0.7598434343433333,0.5116279069767442,0.6470588235294118,1.2668055555555555,0.5454545454545454,0.0,0.09861111111111111,,0.375,0.6972303921566667,0.4444444444444444,0.6842105263157895,0.5921296296294444,0.5384615384615384,0.5,,1.0,0.7142857142857143,0.16033333333333336,0.6
2016-02-19,Friday,0.4939759036144578,1.039433760683611,0.36585365853658536,0.45614035087719296,1.1887708333333333,0.38461538461538464,0.75,0.42842592592583334,0.5,1.0,0.5768055555555556,0.0,0.25,0.9220833333333334,1.0,0.5147058823529411,1.165142118862778,0.4,0.35714285714285715,0.47347222222222224,0.0,1.0,0.16166666666666665,1.0,0.2727272727272727,0.756435185185,0.2222222222222222,0.8461538461538461,0.5740277777777778,0.36363636363636365,0.0,2.060416666666667,,0.6666666666666666,1.7138194444444443,0.75
2016-02-20,Saturday,0.5609756097560976,1.4332905982905555,0.6086956521739131,0.52,1.4149326599325,0.5,1.0,1.3516666666666666,0.875,0.8,-0.019444444444444445,0.5,0.0,0.028333333333333332,,0.5806451612903226,1.440475146198611,0.5555555555555556,0.5555555555555556,1.298310185185,0.8,0.0,2.1066666666666665,,0.35294117647058826,1.3129333333333335,0.25,0.8571428571428571,0.19555555555555557,0.8333333333333334,0.2,1.4211111111111112,0.0,0.75,1.5430000000000001,0.6666666666666666
2016-02-21,Sunday,0.6206896551724138,1.0561777777777777,0.6851851851851852,0.6181818181818182,1.0410752688169445,0.7647058823529411,0.6153846153846154,0.9418650793650001,0.5,0.0,0.02388888888888889,,0.6666666666666666,0.10861111111111112,0.5,0.6086956521739131,1.0224715099713888,0.6904761904761905,0.6666666666666666,1.1756818181816668,0.6666666666666666,,,,0.4117647058823529,0.9078743961350001,0.5714285714285714,0.8888888888888888,0.8211111111111111,0.625,0.3333333333333333,1.0628703703702778,0.5,0.7777777777777778,1.7970833333333334,1.0
2016-02-22,Monday,0.48623853211009177,0.9157752902155556,0.6037735849056604,0.45714285714285713,0.8476550387594445,0.625,0.5,0.7213271604936111,0.75,1.0,1.2235416666666667,0.5,0.5,1.4797222222222222,0.0,0.4375,0.9378356481480556,0.5714285714285714,0.6206896551724138,0.8600438596488889,0.6666666666666666,,,,0.35185185185185186,0.8125873015872223,0.2631578947368421,0.8461538461538461,0.8992857142855556,0.8181818181818182,0.2222222222222222,0.5030092592591666,0.5,0.8333333333333334,1.6511111111111112,1.0
2016-02-23,Tuesday,0.4583333333333333,1.1423268921094445,0.6181818181818182,0.379746835443038,1.298488888888889,0.5666666666666667,0.6666666666666666,0.7052777777777778,0.5,0.8,0.12402777777777778,1.0,0.75,0.27166666666666667,1.0,0.4431818181818182,1.0137,0.6666666666666666,0.5357142857142857,1.5641481481480555,0.4666666666666667,0.25,1.1683333333333332,1.0,0.3728813559322034,1.1031029810297222,0.5,0.7,1.779074074073889,0.6428571428571429,0.3333333333333333,0.3365740740738889,0.3333333333333333,0.5,1.0856481481480555,1.0
2016-02-24,Wednesday,0.5,1.073373015872778,0.6041666666666666,0.5084745762711864,1.0182616487452778,0.5333333333333333,0.5,1.2056666666666667,0.8,0.0,0.5336111111111111,,1.0,0.8716666666666667,0.5,0.5,1.112986111111111,0.6388888888888888,0.4782608695652174,0.963675213675,0.5454545454545454,1.0,,0.0,0.3953488372093023,0.9568634259258334,0.35294117647058826,0.6923076923076923,0.6064682539680555,1.0,0.2727272727272727,2.0921825396825002,0.3333333333333333,0.5,2.008472222222222,0.5
2016-02-25,Thursday,0.5811965811965812,0.8607422586519444,0.5735294117647058,0.5833333333333334,0.8639789789788889,0.5,0.6428571428571429,0.8120833333333334,0.8888888888888888,0.5714285714285714,0.6097222222222223,0.75,0.7142857142857143,0.23744444444444443,0.4,0.5806451612903226,0.9321840958605555,0.5185185185185185,0.6363636363636364,0.4963888888888889,0.7857142857142857,0.0,,,0.5081967213114754,0.8655632716047222,0.45161290322580644,0.8125,0.5521759259258333,0.6923076923076923,0.5714285714285714,0.9383333333333334,0.25,0.5,0.8935185185183333,1.0
2016-02-26,Friday,0.5714285714285714,1.0158670033669446,0.6,0.6578947368421053,0.6694281045749999,0.44,0.6363636363636364,1.400763888888889,0.8571428571428571,0.6,1.5675,0.6666666666666666,0.0,2.0302777777777776,,0.5178571428571429,1.0009424603172223,0.6551724137931034,0.7692307692307693,0.8715277777777778,0.5,1.0,2.011111111111111,0.0,0.4375,0.6204970760233333,0.35714285714285715,0.7272727272727273,2.7083333333333335,0.875,0.5,0.2765740740738889,0.5,1.0,2.011111111111111,0.0
2016-02-27,Saturday,0.5128205128205128,1.0242377260980555,0.5,0.5660377358490566,1.0113568376066666,0.43333333333333335,0.3333333333333333,1.4984523809522223,1.0,0.5,0.2063888888888889,1.0,0.0,0.2811111111111111,,0.48214285714285715,1.0478619528619444,0.48148148148148145,0.65,1.0424691358022222,0.5384615384615384,0.0,0.08055555555555556,,0.3939393939393939,1.069605263157778,0.38461538461538464,0.5454545454545454,0.6035416666666666,0.8333333333333334,1.0,0.31583333333333335,1.0,0.625,0.6911805555555556,0.4
2016-02-28,Sunday,0.5842696629213483,1.0507622739016667,0.6923076923076923,0.5423728813559322,0.9467241379308334,0.625,0.7,0.08583333333333333,1.0,0.6,2.344537037036944,0.6666666666666666,0.5,0.8052777777777778,0.5,0.5517241379310345,1.1192757936505555,0.71875,0.6206896551724138,0.9705158730158333,0.6666666666666666,1.0,0.25583333333333336,0.5,0.46875,1.2643518518516668,0.5333333333333333,0.6923076923076923,0.14037037037027777,0.8888888888888888,0.25,0.9338425925925,0.5,0.75,1.2778703703702778,1.0
2016-02-29,Monday,0.6179775280898876,1.3328666666666666,0.45454545454545453,0.5932203389830508,1.4195601851850002,0.37142857142857144,1.0,0.06527777777777778,0.42857142857142855,0.5,0.20597222222222222,0.5,0.6,1.2412037037036112,0.3333333333333333,0.6056338028169014,1.4210745614033333,0.4883720930232558,0.6470588235294118,1.0535416666666666,0.36363636363636365,1.0,,0.0,0.4418604651162791,1.150358422938889,0.3684210526315789,0.9090909090909091,1.2004629629627779,0.6,0.3333333333333333,3.344111111111111,0.0,1.0,0.4176388888888889,0.5
2016-03-01,Tuesday,0.5523809523809524,1.2152150537633333,0.4482758620689655,0.5694444444444444,1.1941463414633333,0.43902439024390244,0.7272727272727273,1.1735317460316665,0.5,0.5,1.0171296296294443,0.0,0.25,1.4702777777777778,0.0,0.5595238095238095,1.1241840277777777,0.46808510638297873,0.5238095238095238,1.527321428571389,0.36363636363636365,,,,0.37209302325581395,1.553312757201389,0.25,0.9166666666666666,0.7343253968252778,0.5454545454545454,0.4444444444444444,0.48347222222222225,0.25,0.3333333333333333,1.6816666666666666,1.0
2016-03-02,Wednesday,0.5444444444444444,1.0573128019322222,0.5714285714285714,0.5087719298245614,1.1819265232972223,0.4482758620689655,0.6666666666666666,0.8285,0.875,0.6666666666666666,0.001388888888888889,1.0,0.5,,1.0,0.5138888888888888,1.1766966966966668,0.5945945945945946,0.7058823529411765,0.5851041666666666,0.5,0.0,0.4177777777777778,,0.5,0.5712830687830556,0.4444444444444444,0.6,1.9847222222222223,0.6666666666666666,0.5,2.657986111111111,0.75,1.0,,1.0
2016-03-03,Thursday,0.61,1.062943262411111,0.6065573770491803,0.5692307692307692,1.038420138888889,0.6216216216216216,0.7857142857142857,1.4474537037036113,0.5454545454545454,0.6666666666666666,1.271111111111111,1.0,0.3333333333333333,1.386111111111111,0.0,0.5797101449275363,1.1379330065358333,0.575,0.6774193548387096,0.8668162393161111,0.6666666666666666,,,,0.5641025641025641,1.3655116959063889,0.5,0.7647058823529411,0.8711666666666666,0.6923076923076923,0.3333333333333333,0.8759920634919445,0.25,0.7777777777777778,0.5731481481480556,0.7142857142857143
2016-03-04,Friday,0.4742268041237113,0.9585169491525,0.5217391304347826,0.3787878787878788,1.1373544973544445,0.52,0.5555555555555556,0.43738095238083335,0.4,0.6,0.4414814814813889,0.6666666666666666,,,,0.45454545454545453,1.0054612159327778,0.5714285714285714,0.6111111111111112,0.753125,0.36363636363636365,0.0,0.12527777777777777,,0.2972972972972973,1.1823444444444444,0.45454545454545453,0.5833333333333334,0.26994444444444443,0.42857142857142855,0.2857142857142857,0.6820555555555555,0.0,0.6666666666666666,2.945972222222222,1.0
2016-03-05,Saturday,0.5675675675675675,0.9436842105261111,0.5238095238095238,0.46153846153846156,0.9564384920633333,0.5,0.8,0.29194444444444445,0.25,0.8,2.017361111111111,0.5,0.5,0.6105555555555555,0.0,0.5862068965517241,0.8266954022986112,0.47058823529411764,0.5333333333333333,1.4765277777777779,0.75,0.0,0.07361111111111111,,0.5172413793103449,0.5512418300652777,0.4,0.4166666666666667,0.7450793650791666,0.6,0.6666666666666666,1.4101388888888888,0.5,0.5,4.633333333333334,1.0
2016-03-06,Sunday,0.5357142857142857,1.1378418803416668,0.4888888888888889,0.4909090909090909,1.0109362139916667,0.48148148148148145,0.75,0.5606111111111112,0.5555555555555556,1.0,1.3741666666666668,0.0,0.3333333333333333,1.468611111111111,1.0,0.55,0.9243724279833334,0.45454545454545453,0.4782608695652174,1.7652525252525,0.5454545454545454,1.0,0.0,1.0,0.38461538461538464,1.151968599033611,0.26666666666666666,0.5555555555555556,0.6208333333333333,1.0,1.0,0.23444444444444446,0.0,0.5,2.199236111111111,0.6666666666666666
2016-03-07,Monday,0.5217391304347826,0.8774454365077777,0.625,0.48333333333333334,0.8386261261261111,0.6551724137931034,0.6666666666666666,0.05566666666666667,0.625,0.25,2.341203703703611,1.0,1.0,1.793611111111111,0.5,0.5142857142857142,0.8950555555555555,0.6388888888888888,0.5454545454545454,0.8334201388888889,0.5833333333333334,,,,0.3076923076923077,1.0475427350425,0.75,0.7272727272727273,0.8480208333333333,0.625,0.45454545454545453,0.6135069444444444,0.4,1.0,0.6775,0.25
2016-03-08,Tuesday,0.5648148148148148,1.1185416666666668,0.6065573770491803,0.5352112676056338,1.1434620596205556,0.5526315789473685,0.7777777777777778,1.8491666666666666,0.8571428571428571,0.6666666666666666,0.5564814814813889,0.5,0.75,0.2839583333333333,0.3333333333333333,0.5487804878048781,0.9293981481480555,0.5333333333333333,0.625,1.750481481481389,0.8,0.5,0.7183333333333334,1.0,0.39215686274509803,0.9417989417988888,0.45,0.7333333333333333,2.017361111111111,0.5454545454545454,0.45454545454545453,0.49675925925916664,0.6,0.8333333333333334,0.7183333333333334,0.8
2016-03-09,Wednesday,0.5742574257425742,1.3328935185183335,0.603448275862069,0.609375,1.2745601851850001,0.5384615384615384,0.7142857142857143,3.932407407407222,0.8,0.75,0.9172222222222223,0.6666666666666666,0.5,1.965486111111111,0.5,0.5571428571428572,1.3058730158727778,0.5641025641025641,0.6551724137931034,1.334392361111111,0.6842105263157895,0.0,1.8883333333333334,,0.3333333333333333,0.8929745370369445,0.5833333333333334,0.631578947368421,1.1376388888888889,0.75,0.16666666666666666,2.7020555555555554,0.0,0.8,1.1418055555555555,0.75
2016-03-10,Thursday,0.5,1.1019393004113889,0.5609756097560976,0.5,1.2475694444444445,0.5,0.6,0.9448611111111112,0.5,0.3333333333333333,0.09916666666666667,0.0,,,,0.4576271186440678,1.1081283068780556,0.5555555555555556,0.5909090909090909,1.1753030303027778,0.6153846153846154,1.0,0.035,0.0,0.32432432432432434,1.2810370370369444,0.5,0.9166666666666666,0.9403240740738888,0.6363636363636364,0.3333333333333333,1.0319444444444446,0.0,0.5,1.1654166666666668,1.0
2016-03-11,Friday,0.5694444444444444,1.0905409356725,0.4634146341463415,0.5609756097560976,0.9792512077294445,0.391304347826087,0.5714285714285714,1.4038580246911112,0.5,0.0,1.0480555555555555,,0.5,,1.0,0.5471698113207547,0.9518209876541667,0.5172413793103449,0.6111111111111112,1.4310353535352778,0.36363636363636365,1.0,,0.0,0.32142857142857145,0.9437878787877778,0.4444444444444444,0.9166666666666666,1.6750925925925,0.36363636363636365,0.5,1.126875,0.3333333333333333,1.0,0.6116666666666667,0.6
2016-03-12,Saturday,0.5614035087719298,1.2490885416666666,0.6875,0.5714285714285714,1.5207850241544445,0.65,0.5555555555555556,0.5087962962961111,1.0,1.0,1.416111111111111,1.0,1.0,0.10194444444444445,0.5,0.5652173913043478,1.3235699588475,0.7307692307692307,0.5454545454545454,0.8468888888888889,0.5,,,,0.4166666666666667,0.9960590277777778,0.5,0.8333333333333334,1.7526388888888889,0.8,0.25,0.4073148148147222,0.0,1.0,2.8405555555555555,1.0
2016-03-13,Sunday,0.5671641791044776,0.923005050505,0.5263157894736842,0.56,0.9233222222222223,0.5357142857142857,0.6666666666666666,1.2260185185183334,0.3333333333333333,1.0,,0.0,1.0,,1.0,0.5833333333333334,0.6567592592591667,0.42857142857142855,0.5555555555555556,1.839548611111111,0.8,0.0,-0.019444444444444445,,0.5517241379310345,0.7480128205127778,0.375,0.8333333333333334,0.766481481481389,0.4,0.2,0.5661111111111111,0.0,1.0,1.2416666666666667,1.0
2016-03-14,Monday,0.45217391304347826,1.0628210678208334,0.5576923076923077,0.4647887323943662,0.9673484848483332,0.5151515151515151,0.21428571428571427,1.486875,1.0,0.25,1.386111111111111,1.0,0.5,2.7729166666666667,0.0,0.4166666666666667,1.2115058479530556,0.4857142857142857,0.5172413793103449,0.6703070175436111,0.8,1.0,0.04555555555555556,0.0,0.2807017543859649,0.9483465608463889,0.1875,0.6,1.070451388888889,0.7777777777777778,0.3333333333333333,0.8138194444444444,0.6666666666666666,1.0,1.42,0.8
2016-03-15,Tuesday,0.5904761904761905,0.9851506591336111,0.4032258064516129,0.5352112676056338,1.0784444444444445,0.2631578947368421,0.5,1.1104444444444443,0.8,1.0,,1.0,0.7142857142857143,0.5667592592591666,0.0,0.5769230769230769,1.0894691358022222,0.37777777777777777,0.6296296296296297,0.6498412698411111,0.47058823529411764,,,,0.5769230769230769,0.8561458333333334,0.3333333333333333,0.6666666666666666,3.2755555555555556,0.5,0.6,0.232685185185,0.3333333333333333,0.5,0.3338888888888889,0.3333333333333333
2016-03-16,Wednesday,0.41346153846153844,0.9609494195686111,0.5813953488372093,0.34375,0.8652454780361111,0.5454545454545454,0.6,1.3691319444444445,0.8888888888888888,0.5,0.7740277777777778,1.0,0.5,1.4705555555555556,0.0,0.39436619718309857,0.8615972222222222,0.5357142857142857,0.45161290322580644,1.1491830065358333,0.6428571428571429,0.5,1.7454166666666666,1.0,0.29508196721311475,0.8408648989897222,0.5,0.8461538461538461,2.415648148148055,0.7272727272727273,0.42857142857142855,1.1320370370369446,0.6666666666666666,0.6,0.15069444444444444,0.6666666666666666
2016-03-17,Thursday,0.5487804878048781,1.1481973995269443,0.5555555555555556,0.5,1.248315412186111,0.5384615384615384,0.5,1.1642592592591667,0.5,1.0,,1.0,1.0,0.18,0.5,0.5303030303030303,1.1670069444444446,0.4857142857142857,0.6428571428571429,1.0407142857141667,0.7777777777777778,0.5,,1.0,0.5238095238095238,0.8868444444444444,0.45454545454545453,0.6363636363636364,2.339375,0.5714285714285714,0.25,1.6070833333333334,1.0,0.8,1.8812962962961113,1.0
2016-03-18,Friday,0.41025641025641024,1.207806122448889,0.5,0.4375,1.3039209401708334,0.5714285714285714,0.5,0.8488194444444445,0.6,,,,0.25,0.3667129629627778,0.0,0.34545454545454546,1.0299603174602778,0.5263157894736842,0.5789473684210527,2.0923484848483334,0.45454545454545453,0.5,0.03935185185166667,0.5,0.38235294117647056,1.311582125603611,0.38461538461538464,0.4666666666666667,0.8246604938269445,0.7142857142857143,0.0,1.7975,,0.6,1.702685185185,0.6666666666666666
2016-03-19,Saturday,0.6037735849056604,0.5725514403291667,0.4375,0.5517241379310345,0.33857142857138894,0.3125,1.0,1.8316666666666668,0.5,0.3333333333333333,1.918611111111111,1.0,1.0,0.06694444444444445,0.0,0.675,0.6018713450291667,0.4074074074074074,0.4166666666666667,0.5029166666666667,0.6,0.0,,,0.5652173913043478,0.32273504273500003,0.46153846153846156,0.6,1.6897222222222221,1.0,0.625,0.28185185185166667,0.0,1.0,,0.75
2016-03-20,Sunday,0.5287356321839081,1.218502415458889,0.6956521739130435,0.4423076923076923,1.278672839506111,0.6086956521739131,0.8,1.280873015872778,0.75,0.3333333333333333,0.04097222222222222,1.0,0.0,0.9786111111111111,,0.5932203389830508,1.0286203703702779,0.7428571428571429,0.4230769230769231,1.6044629629627778,0.5454545454545454,0.0,1.1255555555555556,,0.3684210526315789,1.4051440329216667,0.6428571428571429,0.6666666666666666,0.10490740740722224,0.75,0.25,0.614375,0.0,1.0,0.08319444444444445,0.8
2016-03-21,Monday,0.6216216216216216,0.9753813559319445,0.6811594202898551,0.6097560975609756,1.0656881313130555,0.7,0.625,1.0862962962961111,0.6,0.5,0.11416666666666667,0.0,1.0,,0.5,0.6179775280898876,0.9533115468408333,0.6545454545454545,0.6666666666666666,1.1533333333333333,0.7857142857142857,0.0,0.8552777777777778,,0.5,0.9791872427983332,0.7272727272727273,0.8571428571428571,0.843111111111111,0.6111111111111112,0.14285714285714285,0.7855000000000001,1.0,0.6,2.5727777777777776,0.6666666666666666
2016-03-22,Tuesday,0.5092592592592593,1.0608421516752777,0.4909090909090909,0.4714285714285714,1.1123472222222222,0.3939393939393939,0.75,0.6349444444444445,0.4444444444444444,0.5,0.15055555555555555,1.0,0.25,1.2477083333333334,0.0,0.5,1.170604938271389,0.425,0.5185185185185185,0.786435185185,0.6428571428571429,1.0,,1.0,0.4423076923076923,0.9221746031744444,0.2608695652173913,0.5,1.4543055555555555,0.6666666666666666,0.45454545454545453,1.1446296296294445,0.4,0.5,1.1272222222222221,1.0
2016-03-23,Wednesday,0.49473684210526314,1.012490583803889,0.5319148936170213,0.5161290322580645,1.2037865497075,0.46875,0.35714285714285715,0.9073148148147223,0.8,0.3333333333333333,2.02,0.0,0.5,0.06430555555555556,0.0,0.5138888888888888,1.0989876543208335,0.5405405405405406,0.43478260869565216,0.7344642857141667,0.5,,,,0.41025641025641024,0.7362413194444445,0.375,0.5294117647058824,1.5027525252525,0.7777777777777778,0.4444444444444444,0.6449074074072222,0.5,0.3333333333333333,0.5033333333333333,1.0
2016-03-24,Thursday,0.5813953488372093,1.365319706498889,0.58,0.6,1.18,0.5277777777777778,0.45454545454545453,2.4519444444444445,0.8,0.6666666666666666,0.3615277777777778,0.5,0.5,0.5772222222222222,1.0,0.582089552238806,1.5111692506458334,0.5384615384615384,0.5789473684210527,0.7381666666666666,0.7272727272727273,,,,0.5,1.268158436213889,0.4,0.5833333333333334,1.0871031746030555,0.8571428571428571,0.0,0.7986805555555555,,0.75,2.0391666666666666,0.6666666666666666
2016-03-25,Friday,0.696969696969697,1.3631687242797224,0.45652173913043476,0.5789473684210527,1.2087418300652777,0.36363636363636365,0.8888888888888888,0.9399074074072222,0.75,1.0,0.33305555555555555,0.0,0.0,2.8786111111111112,,0.717948717948718,1.330981481481389,0.42857142857142855,0.6666666666666666,1.4034027777777778,0.5,,,,0.6428571428571429,1.5102592592591666,0.3333333333333333,1.0,0.33305555555555555,0.3333333333333333,0.6,1.086481481481389,0.3333333333333333,0.5,0.2125,1.0
2016-03-26,Saturday,0.6078431372549019,1.257822580645,0.6129032258064516,0.5757575757575758,0.7815643274852778,0.6842105263157895,0.75,2.702314814814722,0.3333333333333333,,,,0.6666666666666666,2.5075925925925,1.0,0.6756756756756757,1.3188164251205556,0.6,0.38461538461538464,0.6217857142855555,0.8,1.0,4.307222222222222,0.0,0.3333333333333333,0.9049382716047223,0.375,0.875,1.125388888888889,0.7142857142857143,0.0,0.4426388888888889,,1.0,2.4541666666666666,0.75
2016-03-27,Sunday,0.4782608695652174,1.4300462962961111,0.6060606060606061,0.41025641025641024,1.5978409090908334,0.5625,0.6,0.8918333333333333,0.6666666666666666,0.6,0.5571527777777778,0.6666666666666666,0.5,0.7470833333333333,0.6666666666666666,0.48936170212765956,1.4128292181069444,0.6521739130434783,0.47619047619047616,1.4816975308641667,0.5,0.0,,,0.40625,1.4728611111111112,0.5384615384615384,0.7777777777777778,2.515625,0.5714285714285714,0.16666666666666666,0.3136111111111111,0.0,0.5,,0.5
2016-03-28,Monday,0.5346534653465347,1.027948717948611,0.5185185185185185,0.5409836065573771,1.0124930555555556,0.42424242424242425,0.5,1.4122777777777777,1.0,0.8571428571428571,1.1309722222222223,0.6666666666666666,0.3333333333333333,0.48324074074055556,0.3333333333333333,0.4857142857142857,0.9223827160491667,0.5294117647058824,0.6206896551724138,1.2976608187133332,0.5,1.0,0.6538888888888889,0.5,0.4230769230769231,1.191111111111111,0.5454545454545454,0.875,0.8766666666666667,0.7142857142857143,0.5,0.7910185185183333,0.0,0.6,0.895,0.6666666666666666
2016-03-29,Tuesday,0.5555555555555556,1.3156666666666665,0.5818181818181818,0.5223880597014925,1.2281695156694445,0.5142857142857142,0.6363636363636364,2.0652777777777778,0.5714285714285714,0.0,1.2715277777777778,,1.0,1.3365277777777778,0.75,0.5641025641025641,1.2604292929291667,0.5454545454545454,0.5,1.5366161616161111,0.7,1.0,,1.0,0.4489795918367347,1.1768181818180556,0.2727272727272727,0.9090909090909091,1.718888888888889,0.8,0.2857142857142857,1.1511111111111112,1.0,0.6,0.9655555555555555,1.0
2016-03-30,Wednesday,0.5411764705882353,1.3597399527186111,0.5869565217391305,0.5769230769230769,1.6075191570880556,0.5,0.2727272727272727,0.7803968253966667,1.0,1.0,0.3313888888888889,1.0,0.0,0.3055555555555556,,0.5245901639344263,1.5825793650791666,0.53125,0.6086956521739131,0.6836111111111111,0.7142857142857143,0.0,0.9977777777777778,,0.3333333333333333,1.0349007936505557,0.38461538461538464,0.9166666666666666,1.2028472222222222,0.5454545454545454,0.14285714285714285,1.551388888888889,0.0,0.6666666666666666,3.304027777777778,0.75
2016-03-31,Thursday,0.5333333333333333,0.9050942460316668,0.6041666666666666,0.47619047619047616,0.8315740740738888,0.6666666666666666,0.6923076923076923,1.3396296296294445,0.5555555555555556,1.0,0.009166666666666667,0.0,1.0,-0.006111111111111111,0.5,0.5205479452054794,0.8946172839505555,0.631578947368421,0.625,1.0241111111111112,0.5,0.0,0.18638888888888888,,0.4186046511627907,1.0059629629627778,0.5,0.7142857142857143,1.1108333333333333,0.7,0.2857142857142857,0.3548611111111111,0.5,1.0,0.10111111111111111,1.0
2016-04-01,Friday,0.5737704918032787,1.220185185185,0.6571428571428571,0.5263157894736842,1.1078571428569444,0.7,0.7,2.256666666666667,0.5714285714285714,0.3333333333333333,1.1719444444444445,1.0,0.0,0.7619444444444444,,0.5853658536585366,1.1318783068780556,0.5833333333333334,0.5882352941176471,1.2895277777777778,0.9,0.3333333333333333,1.8006944444444444,0.0,0.4230769230769231,1.1291228070175001,0.36363636363636365,0.6666666666666666,0.25722222222222224,0.75,0.25,1.814861111111111,1.0,0.75,0.3566666666666667,1.0
2016-04-02,Saturday,0.5522388059701493,1.0794135802466667,0.4864864864864865,0.5333333333333333,1.3204050925925,0.5416666666666666,0.3333333333333333,0.6406481481480556,0.0,0.6666666666666666,0.2088888888888889,0.0,0.6666666666666666,0.5636111111111111,0.0,0.6046511627906976,0.922685185185,0.46153846153846156,0.5,1.3468055555555556,0.5454545454545454,0.0,0.6272222222222222,,0.30434782608695654,1.2458703703702778,0.2857142857142857,0.8333333333333334,0.7690555555555555,0.6,0.7142857142857143,0.6607407407405556,0.2,0.75,0.035,0.6666666666666666
2016-04-03,Sunday,0.6105263157894737,1.1450258397930555,0.5344827586206896,0.6037735849056604,1.2703587962961111,0.5,0.6,0.9457638888888888,0.6666666666666666,0.5714285714285714,1.407611111111111,0.5,0.5,0.7994444444444444,1.0,0.6268656716417911,1.0239225589225,0.5476190476190477,0.5769230769230769,1.6274691358022222,0.4666666666666667,0.5,0.7994444444444444,1.0,0.5,1.14875,0.47368421052631576,0.7142857142857143,1.260324074073889,0.6,0.8,1.2992592592591667,0.5,1.0,0.09222222222222222,0.3333333333333333
2016-04-04,Monday,0.5772357723577236,0.9432394366194444,0.49295774647887325,0.5555555555555556,0.8943981481480556,0.5777777777777777,0.4666666666666667,0.7051190476188889,0.42857142857142855,0.5,0.6967592592591667,0.5,0.4,0.9203703703702778,0.0,0.5728155339805825,0.9669717668486111,0.5254237288135594,0.631578947368421,0.8703395061727778,0.3333333333333333,0.0,0.15166666666666667,,0.453125,0.9746164021163889,0.3103448275862069,0.6666666666666666,0.880378787878611,0.6666666666666666,0.5,1.518722222222222,0.5,0.0,0.255,
2016-04-05,Tuesday,0.44954128440366975,0.5611111111111111,0.5306122448979592,0.3880597014925373,0.6153950617283334,0.5769230769230769,0.3684210526315789,0.1342424242422222,0.5714285714285714,,,,0.5,0.7632407407405555,0.5,0.39285714285714285,0.5357585470083334,0.6060606060606061,0.625,0.5507407407405556,0.3333333333333333,1.0,2.003888888888889,1.0,0.423728813559322,0.76844017094,0.28,0.5,0.33375,0.6666666666666666,0.0,0.07796296296277778,,0.7142857142857143,0.24583333333333332,0.6
2016-04-06,Wednesday,0.5445544554455446,0.9677697262477778,0.5272727272727272,0.5342465753424658,1.0393055555555555,0.5384615384615384,0.6666666666666666,0.776435185185,0.5,0.5,0.014444444444444444,0.5,0.6666666666666666,4.086666666666667,0.0,0.5194805194805194,0.9364711934155555,0.575,0.6086956521739131,1.0802182539680556,0.42857142857142855,1.0,1.083611111111111,0.0,0.5272727272727272,0.828672839506111,0.3448275862068966,0.6,1.4164285714283333,0.8333333333333334,0.2,1.219365079365,0.5,1.0,3.174166666666667,1.0
2016-04-07,Thursday,0.5764705882352941,1.0533833333333333,0.5918367346938775,0.5666666666666667,1.127,0.5882352941176471,0.6666666666666666,0.7197777777777777,0.25,1.0,1.031111111111111,0.6,0.5,1.650763888888889,0.5,0.5757575757575758,0.9107253086419445,0.5789473684210527,0.625,0.997651515151389,0.6,0.3333333333333333,2.9696296296294444,1.0,0.5111111111111111,1.0522916666666666,0.5217391304347826,0.8,0.7737037037036112,0.75,0.25,1.4510185185183335,1.0,0.2,1.5249074074072224,0.0
2016-04-08,Friday,0.5591397849462365,1.3439668615983333,0.5769230769230769,0.5692307692307692,1.2645833333333334,0.5135135135135135,0.5,0.43163580246888894,0.6,0.6666666666666666,1.9284259259258334,0.75,0.2,3.344027777777778,0.0,0.4861111111111111,1.3150193798447223,0.5714285714285714,0.8095238095238095,1.4328769841269446,0.5882352941176471,,,,0.43478260869565216,1.5706893004113889,0.4,0.8181818181818182,1.250138888888889,0.7777777777777778,0.2857142857142857,0.7250555555555555,1.0,1.0,2.33125,0.5
2016-04-09,Saturday,0.55,1.0756481481480555,0.6363636363636364,0.5714285714285714,0.9645405982905556,0.6071428571428571,0.5454545454545454,0.5663333333333334,0.8333333333333334,0.6,0.9245138888888889,0.5,0.0,2.0674074074072224,,0.4838709677419355,1.0902852852852778,0.6333333333333333,0.7777777777777778,1.007951388888889,0.6428571428571429,,,,0.4358974358974359,1.1490277777777778,0.4117647058823529,0.75,0.804365079365,0.6666666666666666,0.25,0.9331481481480556,1.0,1.0,,1.0
2016-04-10,Sunday,0.5180722891566265,1.2863475177302777,0.5116279069767442,0.4897959183673469,0.9665476190475,0.5416666666666666,0.42857142857142855,2.1431172839505557,0.5,0.5,1.565,0.0,0.3333333333333333,0.06527777777777778,0.0,0.4626865671641791,1.2174399399397222,0.4838709677419355,0.7857142857142857,1.4672222222222222,0.6363636363636364,0.5,1.8376388888888888,0.0,0.34285714285714286,1.2504282407405556,0.4166666666666667,0.7272727272727273,1.9861111111111112,0.375,0.0,1.181296296296111,,0.75,2.0225925925925,0.6666666666666666
2016-04-11,Monday,0.514018691588785,1.332245370370278,0.6727272727272727,0.5671641791044776,1.3558796296294446,0.6842105263157895,0.5,1.5537962962961112,0.6,0.08333333333333333,1.0366435185183334,1.0,0.6666666666666666,3.754166666666667,1.0,0.47191011235955055,1.4347569444444443,0.6666666666666666,0.75,0.5613888888888889,0.75,0.5,0.1675,0.0,0.49056603773584906,0.8615015015013888,0.6153846153846154,0.5,2.200462962962778,0.8571428571428571,0.2222222222222222,1.5246913580244446,0.5,0.8,0.18703703703694446,1.0
2016-04-12,Tuesday,0.4948453608247423,0.9872881355930556,0.4791666666666667,0.4666666666666667,1.1621198830408332,0.42857142857142855,0.75,0.6023611111111111,0.6666666666666666,0.5,1.3292592592591668,1.0,0.375,0.40994444444444444,0.3333333333333333,0.5205479452054794,1.0497159090908335,0.5,0.42857142857142855,0.8822863247861111,0.3333333333333333,0.3333333333333333,0.29638888888888887,1.0,0.37735849056603776,1.0361695906430557,0.25,0.5,0.1776388888888889,0.25,0.375,0.25233333333333335,0.3333333333333333,1.0,2.1437962962961112,0.6
2016-04-13,Wednesday,0.5596330275229358,1.2785154826955556,0.4918032786885246,0.49230769230769234,1.3566395663955555,0.46875,0.75,0.8531944444444445,0.5555555555555556,0.2857142857142857,1.3160416666666668,1.0,0.5,1.1139814814813889,0.0,0.5365853658536586,1.3732306763283333,0.5,0.6296296296296297,0.9880555555555556,0.47058823529411764,,,,0.4375,1.0727519379844446,0.2857142857142857,0.9090909090909091,1.1381481481480555,0.4,0.2857142857142857,1.7427222222222223,1.0,0.875,3.739027777777778,0.7142857142857143
2016-04-14,Thursday,0.4625,1.2045138888888889,0.6216216216216216,0.4523809523809524,1.1826234567899998,0.6842105263157895,0.5714285714285714,1.9032986111111112,0.5,0.0,3.4180555555555556,,0.42857142857142855,1.0532222222222223,0.6666666666666666,0.42857142857142855,1.3647493224930556,0.5555555555555556,0.5333333333333333,0.6345679012344445,0.75,1.0,0.48444444444444446,1.0,0.37777777777777777,1.2740404040402777,0.47058823529411764,0.7,0.8775,1.0,0.2857142857142857,0.6783333333333333,0.5,1.0,,0.0
2016-04-15,Friday,0.5903614457831325,1.4370478036175,0.5714285714285714,0.5094339622641509,1.5043055555555556,0.5185185185185185,0.6363636363636364,1.0241666666666667,0.2857142857142857,1.0,0.09666666666666666,0.75,1.0,,1.0,0.5538461538461539,1.5182732732730557,0.5277777777777778,0.7647058823529411,0.9792222222222222,0.6923076923076923,0.0,0.7208333333333333,,0.5121951219512195,1.2572348484847222,0.42857142857142855,0.5,1.2540972222222222,1.0,0.25,2.94,1.0,0.6,1.3716666666666666,1.0
2016-04-16,Saturday,0.5512820512820513,1.229861111111111,0.46511627906976744,0.5614035087719298,1.3726062091502778,0.5,0.4,1.1198611111111112,0.5,0.6666666666666666,1.1542222222222223,0.5,0.25,0.3358333333333333,1.0,0.5333333333333333,1.3558055555555555,0.40625,0.7142857142857143,0.9863492063491667,0.7,0.25,0.11879629629611112,0.0,0.3888888888888889,1.368122605363889,0.2857142857142857,0.5555555555555556,0.48638888888888887,0.4,0.4,2.2367592592591667,1.0,1.0,0.9318055555555556,0.6
2016-04-17,Sunday,0.5783132530120482,1.2200330687830556,0.5625,0.5925925925925926,1.1508730158727778,0.5,0.625,0.5058333333333334,1.0,0.0,,,0.0,4.0275,,0.5517241379310345,1.1548333333333332,0.46875,0.6666666666666666,1.4828282828280557,0.75,0.0,0.2852777777777778,,0.44680851063829785,1.18091563786,0.38095238095238093,0.8571428571428571,1.5859259259258334,0.8333333333333334,0.625,1.4395833333333334,0.6,0.8571428571428571,0.06388888888888888,0.6666666666666666
2016-04-18,Monday,0.5377358490566038,1.0067838541666667,0.5964912280701754,0.5428571428571428,1.2852303523033333,0.6578947368421053,0.5263157894736842,0.5911706349205557,0.5,0.5,0.3875925925925,0.0,0.3333333333333333,0.6323148148147223,0.0,0.5308641975308642,0.9305555555555556,0.6046511627906976,0.5833333333333334,1.2873611111111112,0.5714285714285714,0.0,0.8138888888888889,,0.4418604651162791,0.7828333333333333,0.5263157894736842,0.8,1.5637037037036112,0.875,0.0,0.8160185185183333,,0.6666666666666666,2.8656481481480554,0.75
2016-04-19,Tuesday,0.47244094488188976,1.1037199699697222,0.65,0.41379310344827586,1.0916666666666666,0.6111111111111112,0.7692307692307693,1.2703571428569445,0.8,0.2,0.5060555555555556,1.0,0.8,0.5275,0.25,0.45454545454545453,1.0820509259258333,0.6666666666666666,0.5769230769230769,1.2734615384613888,0.6,0.0,0.19722222222222222,,0.3492063492063492,1.2196138211380556,0.45454545454545453,0.7142857142857143,0.9065476190475,0.9333333333333333,0.2,0.7737037037036112,0.0,0.4,1.506388888888889,1.0
2016-04-20,Wednesday,0.5301204819277109,0.8929875283444445,0.6136363636363636,0.543859649122807,1.0157706093188887,0.5806451612903226,0.14285714285714285,0.8323611111111111,1.0,0.3333333333333333,0.24888888888888888,1.0,0.5,0.02638888888888889,1.0,0.5333333333333333,0.6966666666666667,0.65625,0.5454545454545454,1.023496732026111,0.5,0.0,4.760277777777778,,0.3448275862068966,0.8587865497075,0.6,0.7,0.8926666666666666,0.8571428571428571,0.5714285714285714,1.712361111111111,0.25,0.6666666666666666,0.9071527777777778,0.75
2016-04-21,Thursday,0.5698924731182796,1.0975868055555555,0.6226415094339622,0.5178571428571429,0.9909677419352777,0.6206896551724138,0.5454545454545454,0.7099074074072221,0.8333333333333334,0.8333333333333334,1.3073611111111112,0.4,0.8,1.4885000000000002,0.375,0.5584415584415584,1.1828846153844446,0.627906976744186,0.625,0.7279629629627777,0.6,,,,0.5135135135135135,0.8557916666666666,0.42105263157894735,0.8421052631578947,0.3986574074072222,0.875,0.4,1.2930555555555556,0.25,0.6666666666666666,1.6970370370369445,0.75
2016-04-22,Friday,0.5540540540540541,0.9213822751322222,0.5609756097560976,0.56,0.908440860215,0.4642857142857143,0.375,0.3883888888888889,1.0,1.0,,1.0,0.5,1.543611111111111,1.0,0.5573770491803278,0.7714730639730556,0.5294117647058824,0.5454545454545454,1.5249652777777778,0.6666666666666666,0.5,1.0397222222222222,1.0,0.4838709677419355,0.6978947368419444,0.4666666666666667,0.5,1.312976190476111,0.6666666666666666,0.6,1.1319444444444444,0.6666666666666666,0.7142857142857143,0.6418055555555555,0.6
2016-04-23,Saturday,0.5483870967741935,1.0433253968252778,0.5588235294117647,0.43902439024390244,1.076888888888889,0.6111111111111112,0.8333333333333334,0.08527777777777777,0.6,0.0,1.9972222222222222,,0.75,1.0294444444444444,0.6666666666666666,0.6122448979591837,0.7916666666666666,0.5666666666666667,0.4,2.6905555555555556,0.5,0.0,0.5628703703702778,,0.5517241379310345,0.965185185185,0.375,0.5,1.028796296296111,0.6666666666666666,0.75,0.3736111111111111,0.6666666666666666,0.5,2.775,0.0
2016-04-24,Sunday,0.6142857142857143,0.9472467320261111,0.6511627906976745,0.5581395348837209,0.7071256038647222,0.6666666666666666,0.6,1.2491666666666668,0.3333333333333333,0.5,0.06305555555555556,0.0,1.0,3.8530555555555557,0.5,0.5882352941176471,0.7649485596705555,0.6,0.75,1.9464444444444444,0.75,0.3333333333333333,0.9102777777777777,1.0,0.4594594594594595,0.9123263888888888,0.23529411764705882,0.8571428571428571,1.3272222222222223,1.0,0.3333333333333333,1.708888888888889,0.0,0.8,0.5922222222222222,0.75
2016-04-25,Monday,0.4954954954954955,1.530584795321389,0.5636363636363636,0.44155844155844154,1.4426325757575,0.47058823529411764,0.5714285714285714,0.29083333333333333,0.5,0.75,2.2153703703702776,0.3333333333333333,0.6666666666666666,1.1288888888888888,0.5,0.5316455696202531,1.561388888888889,0.47619047619047616,0.41935483870967744,1.4638425925925,0.8461538461538461,0.0,,,0.46938775510204084,1.3725925925925,0.5217391304347826,0.9,3.558472222222222,0.7777777777777778,0.21428571428571427,1.8749074074072223,0.0,0.9,1.528125,0.5555555555555556
2016-04-26,Tuesday,0.4945054945054945,1.0398563218388888,0.5333333333333333,0.5294117647058824,1.1112254901958334,0.5555555555555556,0.5,0.29087301587277775,0.4,0.75,1.1445138888888888,0.3333333333333333,0.2857142857142857,0.3063194444444444,0.5,0.5079365079365079,0.9067877492875,0.5625,0.5,1.3493627450977779,0.46153846153846156,0.0,1.0038888888888888,,0.4444444444444444,0.9388697318005556,0.55,0.6363636363636364,0.5013095238094445,0.7142857142857143,0.3333333333333333,1.2398412698411112,0.0,0.5,,1.0
2016-04-27,Wednesday,0.375,1.359957264957222,0.5757575757575758,0.3064516129032258,1.4730555555555556,0.5789473684210527,0.5454545454545454,0.5393981481480555,0.8333333333333334,,,,0.0,2.2977777777777777,,0.3333333333333333,1.3007588075880554,0.55,0.5238095238095238,1.0193954248363888,0.7272727272727273,0.2857142857142857,2.5337698412697223,0.0,0.27450980392156865,1.477784090908889,0.35714285714285715,0.6666666666666666,0.6023148148147223,0.8333333333333334,0.4,1.3330555555555557,0.5,0.3333333333333333,0.81375,0.5
2016-04-28,Thursday,0.6219512195121951,1.195986842105,0.39215686274509803,0.5370370370370371,1.407489711933889,0.1724137931034483,0.8461538461538461,0.18994444444444444,0.6363636363636364,0.5,0.0016666666666666668,1.0,1.0,,0.0,0.6461538461538462,1.1891460905347222,0.42857142857142855,0.6,0.9611111111111111,0.2222222222222222,0.0,2.3452777777777776,,0.45454545454545453,1.4316666666666666,0.25,0.9230769230769231,0.3001388888888889,0.4166666666666667,0.6666666666666666,0.12574074074055555,0.5,1.0,2.60125,0.6
2016-04-29,Friday,0.5277777777777778,0.9614489489488889,0.39473684210526316,0.5777777777777777,1.0249637681158332,0.46153846153846156,0.5555555555555556,1.5422916666666666,0.0,0.5,0.07611111111111112,1.0,0.5,2.1216666666666666,0.0,0.5535714285714286,1.0943055555555556,0.3870967741935484,0.4,0.3920634920633333,0.3333333333333333,1.0,,1.0,0.5,0.7428801169588889,0.25,0.8181818181818182,1.6328472222222221,0.5555555555555556,0.3333333333333333,0.9330555555555555,0.3333333333333333,1.0,1.3741666666666668,0.3333333333333333
2016-04-30,Saturday,0.5185185185185185,1.06328125,0.42857142857142855,0.5185185185185185,1.1119999999999999,0.4642857142857143,0.5,0.7915476190475,0.5,1.0,0.12055555555555555,0.5,0.5,1.1244444444444444,0.0,0.5636363636363636,0.9804032258063888,0.41935483870967744,0.44,1.2890104166666667,0.45454545454545453,0.0,0.020833333333333332,,0.4838709677419355,0.9579629629627777,0.26666666666666666,0.5,0.6162698412697223,0.6666666666666666,0.6666666666666666,0.6235648148147223,0.3333333333333333,0.6666666666666666,2.218472222222222,0.0
2016-05-01,Sunday,0.5698924731182796,1.4956358024688887,0.660377358490566,0.49056603773584906,1.7222491039424999,0.6153846153846154,0.6923076923076923,1.8675555555555554,0.7777777777777778,0.3333333333333333,0.11555555555555555,1.0,0.5,0.5108333333333334,0.3333333333333333,0.5909090909090909,1.4423090277777777,0.6666666666666666,0.56,1.2485101010100002,0.6428571428571429,0.0,3.7080555555555557,,0.55,1.6133333333333333,0.5454545454545454,0.3333333333333333,1.5928703703702778,0.6666666666666666,0.2857142857142857,1.5438888888888889,0.5,1.0,0.5836111111111111,1.0
2016-05-02,Monday,0.5794392523364486,1.3031200396825,0.45161290322580644,0.5223880597014925,1.4427558479530556,0.4,0.6,0.6092592592591667,0.4444444444444444,0.75,1.8293518518516667,0.6666666666666666,0.5,0.47833333333333333,1.0,0.5542168674698795,1.210042270531389,0.41304347826086957,0.6818181818181818,1.9078395061727778,0.5333333333333333,0.5,0.14222222222222222,1.0,0.4727272727272727,1.0986111111111112,0.3076923076923077,0.75,3.1764682539680558,0.5555555555555556,0.38461538461538464,0.5494753086419444,0.6,1.0,0.2563888888888889,0.6
2016-05-03,Tuesday,0.544,1.0451003086419444,0.5735294117647058,0.49411764705882355,1.1454886831275,0.5714285714285714,0.7857142857142857,1.1306481481480557,0.7272727272727273,0.2857142857142857,0.45729166666666665,0.0,0.25,0.4704629629627778,1.0,0.5473684210526316,1.0455656565655556,0.6153846153846154,0.5517241379310345,0.8603993055555555,0.4375,0.0,3.9747222222222223,,0.34615384615384615,0.8894444444444445,0.3333333333333333,0.75,1.0911805555555556,0.7222222222222222,0.5,0.08270833333333333,0.3333333333333333,0.5555555555555556,1.1558333333333333,0.6
2016-05-04,Wednesday,0.4473684210526316,0.9284550989344444,0.6470588235294118,0.5068493150684932,1.0630978260869444,0.6216216216216216,0.4117647058823529,0.7679513888888889,0.8571428571428571,0.25,1.0955555555555556,1.0,0.0,,,0.4,1.0225,0.6176470588235294,0.6296296296296297,0.47950396825388886,0.7058823529411765,0.0,1.3908333333333334,,0.25862068965517243,0.9395591787438888,0.4,0.75,1.6409722222222223,0.7777777777777778,0.5,0.6184444444444445,0.75,0.5714285714285714,0.14180555555555555,0.75
2016-05-05,Thursday,0.6914893617021277,1.0869702842375,0.5384615384615384,0.6451612903225806,1.0528703703702778,0.475,1.0,1.9508333333333334,0.7142857142857143,0.6666666666666666,-0.019444444444444445,0.5,0.875,0.4357407407405556,0.7142857142857143,0.6835443037974683,1.0642824074072221,0.5370370370370371,0.7857142857142857,0.8318055555555556,0.5454545454545454,0.0,3.4347222222222222,,0.6666666666666666,1.057515432098611,0.5,0.8,0.4636111111111111,0.625,0.75,2.4161111111111113,0.0,0.5714285714285714,0.07972222222222222,0.75
2016-05-06,Friday,0.5217391304347826,0.9056340579708333,0.5416666666666666,0.5,0.6339176245208333,0.5,0.45454545454545453,0.8165740740738888,0.6,0.0,1.4016666666666666,,0.6,2.2134722222222223,0.3333333333333333,0.45454545454545453,0.9388809523808334,0.5666666666666667,0.7,0.9641975308641666,0.5714285714285714,0.6666666666666666,0.06027777777777778,0.25,0.3695652173913043,0.9482585470083333,0.5294117647058824,0.7272727272727273,0.4136507936505555,0.375,0.0,0.12277777777777778,,1.0,0.31666666666666665,0.5
2016-05-07,Saturday,0.6666666666666666,1.131599099098889,0.42857142857142855,0.627906976744186,0.9692874396133334,0.3333333333333333,0.625,1.6183333333333334,1.0,1.0,0.19361111111111112,0.3333333333333333,,,,0.6304347826086957,1.1699679487177779,0.3793103448275862,0.7647058823529411,1.040909090908889,0.5384615384615384,,,,0.59375,0.9343840579708333,0.3157894736842105,0.875,1.4487037037036112,0.5714285714285714,1.0,0.43833333333333335,0.0,1.0,0.6561111111111111,0.5
2016-05-08,Sunday,0.632183908045977,1.0498128019322222,0.6,0.6346153846153846,0.9842798353908333,0.6666666666666666,0.25,0.9440873015872223,1.0,0.8888888888888888,1.4295833333333334,0.125,0.6666666666666666,0.37333333333333335,1.0,0.6119402985074627,1.0934841269838889,0.6097560975609756,0.6666666666666666,0.822936507936389,0.6,0.8,1.0647222222222221,0.5,0.5666666666666667,1.013684210526111,0.29411764705882354,0.75,1.1737777777777778,0.8,0.5,1.5559259259258333,0.0,0.6666666666666666,1.7838888888888889,0.75
2016-05-09,Monday,0.6583333333333333,0.8826538461536111,0.5443037974683544,0.651685393258427,0.953752620545,0.5172413793103449,0.5454545454545454,1.8294444444444444,0.3333333333333333,1.0,0.6719444444444445,0.6666666666666666,0.5714285714285714,0.4134027777777778,0.75,0.6774193548387096,0.8032222222222222,0.5396825396825397,0.5909090909090909,0.9468434343433334,0.6153846153846154,0.6,1.6990277777777778,0.3333333333333333,0.5625,0.5846111111111111,0.5,0.8823529411764706,1.4294444444444445,0.7333333333333333,0.2857142857142857,1.3247916666666666,0.0,0.3333333333333333,1.4768055555555555,1.0
2016-05-10,Tuesday,0.55,1.1972575757575,0.5151515151515151,0.5975609756097561,1.3985269360266668,0.4489795918367347,0.3333333333333333,1.0947777777777776,1.0,0.75,1.1848611111111111,1.0,0.5,0.06666666666666667,1.0,0.5444444444444444,1.0831283068780555,0.4897959183673469,0.6153846153846154,1.1885000000000001,0.5625,0.25,2.8242592592591667,1.0,0.44155844155844154,1.282076388888889,0.38235294117647056,0.6666666666666666,0.7122222222222222,0.5833333333333334,0.75,0.17925925925916666,0.6666666666666666,1.0,,0.5
2016-05-11,Wednesday,0.5714285714285714,0.9934086629,0.5588235294117647,0.5113636363636364,1.012238888888889,0.5777777777777777,0.8571428571428571,0.3383333333333333,0.16666666666666666,0.5,4.798333333333333,1.0,0.5,0.095,0.0,0.5061728395061729,1.0984782608694443,0.6097560975609756,0.7352941176470589,0.6668686868686111,0.48,0.5,0.37277777777777776,0.5,0.55,1.1432465277777777,0.3939393939393939,0.7,2.249722222222222,0.7142857142857143,0.25,0.26706018518499997,0.3333333333333333,0.5714285714285714,0.17907407407388887,0.75
2016-05-12,Thursday,0.4807692307692308,1.2231084656083333,0.38,0.5151515151515151,0.7567569444444444,0.38235294117647056,0.6,3.413611111111111,0.3333333333333333,1.0,2.274722222222222,0.4,0.1111111111111111,1.5898412698411113,0.0,0.4827586206896552,1.1956262626261112,0.35714285714285715,0.4375,1.412048611111111,0.42857142857142855,1.0,,1.0,0.46296296296296297,1.2271904761902779,0.32,0.6,0.67375,0.5,0.35714285714285715,0.6917592592591667,0.0,0.6666666666666666,2.8161111111111112,0.75
2016-05-13,Friday,0.5730337078651685,0.9788252314813889,0.5294117647058824,0.543859649122807,0.8586683006533333,0.6129032258064516,0.8181818181818182,0.03916666666666667,0.5555555555555556,1.0,0.26,0.5,0.5,3.4869444444444446,0.0,0.5217391304347826,1.0271856725144444,0.5277777777777778,0.7222222222222222,0.7950555555555555,0.46153846153846156,1.0,,1.0,0.4146341463414634,0.8388293650791666,0.4117647058823529,0.875,0.7532407407405555,0.7142857142857143,0.4,2.3647916666666666,0.0,1.0,,0.6666666666666666
2016-05-14,Saturday,0.6323529411764706,1.5593229166666667,0.6046511627906976,0.5777777777777777,1.4119097222222223,0.5769230769230769,0.8571428571428571,1.8247222222222221,0.6666666666666666,1.0,,0.5,0.3333333333333333,3.0208333333333335,1.0,0.6274509803921569,1.4334666666666664,0.59375,0.7142857142857143,2.041574074073889,0.6,0.3333333333333333,1.8122222222222222,1.0,0.5185185185185185,1.1093055555555555,0.35714285714285715,0.625,1.6732222222222224,0.6,0.625,2.9978703703702774,0.8,0.5,1.528888888888889,0.0
2016-05-15,Sunday,0.675,0.9873003472222223,0.5,0.68,1.2841666666666667,0.4117647058823529,0.8333333333333334,0.085,0.8,0.8,1.2233333333333334,0.75,0.6,0.4066666666666667,1.0,0.7254901960784313,1.1710243055555556,0.5405405405405406,0.5714285714285714,0.8035763888888889,0.4375,1.0,,0.0,0.6176470588235294,1.396981481481389,0.42857142857142855,0.8333333333333334,0.021805555555555557,0.7,0.5,0.7908333333333334,0.5,1.0,0.12458333333333334,0.6666666666666666
2016-05-16,Monday,0.5603448275862069,0.9377729885055556,0.6307692307692307,0.6086956521739131,1.086888888888889,0.6190476190476191,0.46153846153846156,0.8792013888888889,0.6666666666666666,0.3,0.9035185185183333,0.3333333333333333,0.3333333333333333,0.09222222222222222,1.0,0.5647058823529412,0.9739962121211112,0.6041666666666666,0.5517241379310345,0.7734490740738889,0.75,0.5,1.1268055555555556,0.0,0.5,0.8719175627238889,0.48484848484848486,1.0,1.2875,0.9,0.4,0.766481481481389,0.5,0.6,0.009027777777777777,1.0
2016-05-17,Tuesday,0.5714285714285714,1.1490513626833334,0.36666666666666664,0.5797101449275363,1.1634159159158333,0.35,0.5,0.5365277777777778,1.0,0.42857142857142855,0.03152777777777778,0.3333333333333333,0.6,1.2873611111111112,0.0,0.5512820512820513,1.1679403794036112,0.3023255813953488,0.6538461538461539,1.0657575757575,0.5294117647058824,0.0,1.2908333333333333,,0.4727272727272727,0.9054838709674999,0.38461538461538464,0.9285714285714286,4.0055555555555555,0.46153846153846156,0.3333333333333333,1.0745,0.0,1.0,0.9183333333333333,0.25
2016-05-18,Wednesday,0.5401459854014599,1.0330407407405555,0.6216216216216216,0.4731182795698925,0.8838983050847222,0.6363636363636364,0.75,1.8398611111111112,0.6666666666666666,1.0,,0.5,0.6666666666666666,0.5179629629627778,0.3333333333333333,0.5046728971962616,0.9453931623930556,0.5925925925925926,0.7142857142857143,1.7216319444444443,0.7,0.0,1.1272222222222221,,0.417910447761194,0.9008333333333334,0.5357142857142857,0.6842105263157895,0.0811111111111111,0.9230769230769231,0.3333333333333333,1.109365079365,0.3333333333333333,0.6666666666666666,1.7297222222222222,0.25
2016-05-19,Thursday,0.5736434108527132,0.9241468253966667,0.5135135135135135,0.5348837209302325,0.9186168981480556,0.5217391304347826,0.5833333333333334,1.0506172839505554,0.42857142857142855,0.5,0.9088888888888889,1.0,0.5,0.2598611111111111,0.5,0.6122448979591837,0.9941950113377779,0.4666666666666667,0.4666666666666667,0.7607010582008333,0.7142857142857143,0.0,,,0.5344827586206896,0.6741441441438889,0.41935483870967744,0.5,1.0535555555555556,0.6666666666666666,0.6666666666666666,0.8546296296294444,0.75,0.0,1.1958333333333333,
2016-05-20,Friday,0.5384615384615384,0.9501353276352777,0.5952380952380952,0.5084745762711864,0.8923148148147223,0.6333333333333333,0.8,0.8016666666666666,0.5,0.6666666666666666,0.36444444444444446,0.5,0.0,2.1533333333333333,,0.543859649122807,1.0048028673833334,0.6129032258064516,0.5789473684210527,0.8217857142855556,0.5454545454545454,0.0,0.15388888888888888,,0.4523809523809524,1.0061645299144446,0.47368421052631576,0.6666666666666666,2.5744444444444445,0.75,0.5,1.5619444444444444,0.0,1.0,0.012222222222222223,1.0
2016-05-21,Saturday,0.6216216216216216,0.6332526881719445,0.5869565217391305,0.6170212765957447,0.629775132275,0.6206896551724138,0.6470588235294118,0.10041666666666667,0.5454545454545454,0.5,1.0877777777777777,1.0,0.0,0.3161111111111111,,0.5892857142857143,0.5583,0.5757575757575758,0.7222222222222222,0.9455555555555556,0.6153846153846154,,,,0.5161290322580645,0.6566666666666666,0.3125,0.8181818181818182,0.044055555555555556,0.7777777777777778,0.42857142857142855,1.8572222222222223,1.0,0.6666666666666666,4.385833333333333,1.0
2016-05-22,Sunday,0.6111111111111112,1.357,0.5272727272727272,0.5178571428571429,1.2442521367519446,0.5172413793103449,0.75,0.9244444444444444,0.6666666666666666,0.6666666666666666,1.2225,0.5,1.0,,0.0,0.5588235294117647,1.4134603174602778,0.5789473684210527,0.8,1.0995833333333334,0.4375,0.5,0.41055555555555556,0.0,0.5897435897435898,1.3562083333333335,0.30434782608695654,0.5882352941176471,1.1003472222222221,0.7,0.5,1.1250925925925,0.0,0.8333333333333334,0.4002777777777778,1.0
2016-05-23,Monday,0.5461538461538461,1.223873015872778,0.4084507042253521,0.5121951219512195,1.2179045893719445,0.4523809523809524,0.5625,1.5286944444444446,0.2222222222222222,0.4,0.5505555555555556,0.5,0.7142857142857143,1.366111111111111,0.4,0.5263157894736842,1.2945020964358331,0.42,0.5714285714285714,1.0038148148147221,0.4375,0.7142857142857143,1.0026388888888889,0.2,0.4722222222222222,1.0595189701894443,0.3235294117647059,0.6666666666666666,2.879861111111111,0.3333333333333333,0.625,0.2635416666666667,0.2,0.6666666666666666,4.549444444444444,1.0
2016-05-24,Tuesday,0.5785123966942148,0.9779166666666667,0.5285714285714286,0.5569620253164557,0.8733033033030555,0.5909090909090909,0.4,0.5986111111111111,0.5,0.6666666666666666,1.9991666666666668,0.5,0.5,0.8917592592591667,0.0,0.5714285714285714,0.9695508274230557,0.5357142857142857,0.6,1.0153472222222222,0.5,0.6666666666666666,1.0716666666666668,0.5,0.5230769230769231,1.186353046594722,0.35294117647058826,0.7777777777777778,0.6622685185183332,0.6428571428571429,0.2857142857142857,0.5313888888888889,0.0,1.0,,1.0
2016-05-25,Wednesday,0.5206611570247934,1.1480178907719445,0.5238095238095238,0.5064935064935064,1.1004894179891667,0.46153846153846156,0.42857142857142855,1.2506666666666666,0.5,0.75,0.05583333333333333,0.6666666666666666,0.3333333333333333,,1.0,0.49473684210526314,1.1504314420802777,0.5531914893617021,0.6521739130434783,1.1635833333333332,0.4666666666666667,0.3333333333333333,1.0134722222222223,0.0,0.4098360655737705,0.9720751633986111,0.48,0.8,1.9433333333333334,0.6666666666666666,0.4166666666666667,0.7491269841269445,0.4,,,
2016-05-26,Thursday,0.5959595959595959,1.390480324073889,0.5423728813559322,0.5970149253731343,1.4408134920633335,0.525,0.5,1.6953333333333334,0.75,0.6666666666666666,0.9279166666666666,0.5,0.5,0.3126388888888889,0.5,0.6,1.5324074074072223,0.5,0.5925925925925926,0.9478030303027778,0.6875,0.5,1.1505555555555556,0.0,0.5,1.2186888888888887,0.34782608695652173,0.8181818181818182,1.34125,0.6666666666666666,0.6,1.6927083333333333,0.3333333333333333,0.75,2.998611111111111,0.6666666666666666
2016-05-27,Friday,0.5465116279069767,0.7835891812863889,0.6595744680851063,0.5,0.6468209876541666,0.6206896551724138,0.5,0.23958333333333334,1.0,0.0,1.2505555555555556,,0.3333333333333333,0.9122222222222223,1.0,0.5084745762711864,0.9690222222222222,0.7666666666666667,0.6666666666666666,0.7149206349205556,0.5,0.5555555555555556,0.09106481481472221,0.4,0.37037037037037035,0.9772222222222222,0.4,0.8,0.17222222222222222,1.0,0.2727272727272727,0.7037962962961111,0.3333333333333333,0.5,0.805,0.6666666666666666
2016-05-28,Saturday,0.6,0.8851767676766668,0.5333333333333333,0.5714285714285714,1.0448863636361112,0.5714285714285714,1.0,,0.6,1.0,0.6836111111111111,0.3333333333333333,0.3333333333333333,0.9488888888888889,1.0,0.6607142857142857,0.5050845410627778,0.5675675675675675,0.4444444444444444,1.7025617283949999,0.375,0.0,2.2708333333333335,,0.3888888888888889,0.8453282828280555,0.5714285714285714,1.0,,0.5,0.5555555555555556,0.6663888888888889,0.8,1.0,0.3473148148147222,0.8333333333333334
2016-05-29,Sunday,0.5063291139240507,1.5541020671833332,0.475,0.5370370370370371,1.4255753968252778,0.41379310344827586,0.5,1.679513888888889,1.0,,,,0.0,0.10833333333333334,,0.58,1.4898504273502777,0.3793103448275862,0.44,1.6574206349205556,0.7272727272727273,0.0,1.6287962962961111,,0.42424242424242425,1.721891534391389,0.42857142857142855,0.6666666666666666,2.013333333333333,0.5,0.2857142857142857,0.37256944444444445,0.5,0.6666666666666666,0.9112962962961111,0.75
2016-05-30,Monday,0.5555555555555556,1.0996957671955556,0.54,0.5087719298245614,0.983095238095,0.5172413793103449,0.4,1.0319907407405555,0.25,0.6666666666666666,2.454861111111111,0.0,0.8333333333333334,,0.6,0.5833333333333334,0.9344086021502779,0.5238095238095238,0.5333333333333333,1.8037037037036112,0.625,0.0,0.4936111111111111,,0.47619047619047616,1.3522712418299998,0.35,0.7,1.04375,0.8571428571428571,0.14285714285714285,0.8043518518516666,1.0,1.0,,0.5
2016-05-31,Tuesday,0.546875,1.3670729684908334,0.5428571428571428,0.5,1.288919753086389,0.4473684210526316,0.375,1.2262626262625,0.5,1.0,0.5547222222222222,0.5,0.0,1.5033333333333334,,0.5544554455445545,1.4169335511980554,0.48214285714285715,0.5384615384615384,1.2584444444444443,0.7857142857142857,0.0,0.45361111111111113,,0.38333333333333336,1.3610648148147222,0.30434782608695654,0.6153846153846154,1.9543981481480557,0.75,0.5,1.1927222222222222,0.16666666666666666,1.0,,0.5
2016-06-01,Wednesday,0.5258620689655172,0.9086279461277778,0.45901639344262296,0.4788732394366197,0.936505167958611,0.35294117647058826,0.6666666666666666,0.9069444444444444,0.7,0.5,1.2319444444444445,0.0,0.2857142857142857,0.9501111111111111,0.0,0.5365853658536586,0.9829787234041666,0.4090909090909091,0.46875,0.7647839506172222,0.5333333333333333,1.0,0.0033333333333333335,1.0,0.4,0.8328765432097223,0.38461538461538464,0.8235294117647058,0.1356349206347222,0.42857142857142855,0.4,1.1538425925925,0.5,1.0,,0.3333333333333333
2016-06-02,Thursday,0.5603448275862069,1.2713620071683331,0.5384615384615384,0.5411764705882353,1.4361654589369444,0.5434782608695652,0.5833333333333334,0.17922222222222223,0.42857142857142855,0.6666666666666666,0.6583333333333333,0.5,0.3333333333333333,1.6177777777777778,1.0,0.5494505494505495,1.116793981481389,0.58,0.6086956521739131,1.598675213675,0.42857142857142855,0.5,4.435555555555555,0.0,0.48717948717948717,1.5914699074072223,0.5789473684210527,0.6818181818181818,0.5317129629627778,0.8,0.35294117647058826,0.7757638888888889,0.5,0.75,0.05513888888888889,0.3333333333333333
2016-06-03,Friday,0.4444444444444444,1.087153846153611,0.5576923076923077,0.3717948717948718,1.1220987654319445,0.41379310344827586,0.6,0.3535185185183334,0.3333333333333333,1.0,0.25569444444444445,1.0,0.3333333333333333,1.2519791666666666,0.3333333333333333,0.42045454545454547,1.160958049886389,0.5675675675675675,0.5384615384615384,0.7825595238094445,0.5714285714285714,0.3333333333333333,1.4111111111111112,0.0,0.4186046511627907,1.0018353174602777,0.5,0.6,1.2094444444444445,0.7777777777777778,0.2,0.98623015873,0.5,0.5,0.8015740740738888,0.3333333333333333
2016-06-04,Saturday,0.5194805194805194,1.4389938271602778,0.425,0.4791666666666667,1.1562068965516668,0.2608695652173913,0.6666666666666666,1.5893518518516667,0.625,0.0,-0.009444444444444445,,0.5,0.6172916666666667,0.0,0.4915254237288136,1.3805128205127777,0.41379310344827586,0.7333333333333333,1.4159027777777777,0.45454545454545453,0.0,2.6255555555555556,,0.4583333333333333,1.3807679738561112,0.2727272727272727,0.875,3.1461111111111113,0.42857142857142855,0.1111111111111111,1.3377991452988889,0.0,1.0,3.4575,1.0
2016-06-05,Sunday,0.53,1.157141975308611,0.5283018867924528,0.4666666666666667,1.3578787878786112,0.4857142857142857,0.6,0.185,0.3333333333333333,0.75,0.17819444444444443,0.6666666666666666,1.0,0.09972222222222223,1.0,0.5487804878048781,0.8984309309308334,0.4888888888888889,0.5,2.4146759259258332,0.75,0.0,2.1706944444444445,,0.4883720930232558,0.9727893518516666,0.3333333333333333,0.625,2.0120370370369445,0.8,0.46153846153846156,0.8936574074072222,0.5,0.75,,0.6666666666666666
2016-06-06,Monday,0.5904761904761905,0.8825584795319444,0.5967741935483871,0.5757575757575758,0.7207253086419444,0.5789473684210527,0.7,2.495046296296111,0.2857142857142857,0.6,0.31657407407388893,0.6666666666666666,0.6,0.5393055555555556,1.0,0.5492957746478874,0.810235042735,0.6153846153846154,0.6896551724137931,1.0569618055555556,0.55,0.6,0.8976388888888889,0.6666666666666666,0.40540540540540543,0.6339555555555555,0.4666666666666667,0.9285714285714286,1.0092592592591667,0.8461538461538461,0.35714285714285715,0.7128125,0.2,0.8888888888888888,1.2916666666666667,0.5
2016-06-07,Tuesday,0.5289855072463768,0.8413857323230555,0.5342465753424658,0.5111111111111111,0.8177407407405556,0.5217391304347826,0.7894736842105263,0.21475,0.6,0.5714285714285714,0.351875,1.0,0.25,2.165370370370278,0.0,0.5816326530612245,0.9102322404369444,0.543859649122807,0.45454545454545453,0.5772222222222222,0.5333333333333333,0.14285714285714285,1.1637777777777778,0.0,0.49230769230769234,0.7962596899222222,0.4375,1.0,0.9661111111111111,0.625,0.25,0.5683333333333334,0.5,0.8,1.048888888888889,0.75
2016-06-08,Wednesday,0.5578947368421052,1.3127888888888888,0.5660377358490566,0.5507246376811594,1.4306666666666665,0.5789473684210527,0.6666666666666666,0.8374305555555556,0.5,,,,0.25,0.3107407407405556,0.0,0.5606060606060606,1.2909645061727777,0.5405405405405406,0.5555555555555556,1.3818055555555555,0.6,0.5,1.2915277777777778,1.0,0.43243243243243246,1.1383816425119444,0.5625,0.8571428571428571,0.8244444444444444,0.5833333333333334,0.23529411764705882,0.8718518518516666,0.25,0.6,2.1217592592591665,0.6666666666666666
2016-06-09,Thursday,0.5426356589147286,1.1690548340547222,0.5571428571428572,0.5180722891566265,1.1351252723311112,0.627906976744186,0.5384615384615384,1.3244444444444445,0.42857142857142855,1.0,,0.5,0.4,0.9634722222222222,0.5,0.5102040816326531,1.1718126177022221,0.54,0.6896551724137931,1.1669097222222222,0.6,0.0,1.104861111111111,,0.49230769230769234,1.0159689922480557,0.5625,0.9230769230769231,1.3351388888888889,0.4166666666666667,0.4166666666666667,1.8275,0.2,1.0,0.3908333333333333,1.0
2016-06-10,Friday,0.6627906976744186,0.9054166666666666,0.543859649122807,0.66,0.7497222222222222,0.45454545454545453,0.6666666666666666,0.22064814814805556,0.75,1.0,1.4033333333333333,0.75,1.0,0.3947222222222222,0.0,0.65625,0.7605723905722221,0.5476190476190477,0.7142857142857143,1.2616111111111112,0.5333333333333333,0.0,2.1233333333333335,,0.47619047619047616,1.0586904761902778,0.45,1.0,0.5312037037036111,0.6,0.625,1.1978703703702778,0.8,1.0,0.8313888888888888,0.6666666666666666
2016-06-11,Saturday,0.6415094339622641,1.130677777777778,0.6470588235294118,0.6190476190476191,1.243981481481389,0.5769230769230769,1.0,,1.0,1.0,,1.0,0.3333333333333333,0.25708333333333333,1.0,0.6052631578947368,1.09227124183,0.7391304347826086,0.7142857142857143,1.3790079365077779,0.4,1.0,0.04527777777777778,1.0,0.65,1.5447222222222223,0.5384615384615384,0.6923076923076923,1.4994907407405555,0.7777777777777778,0.2857142857142857,0.3655555555555556,1.0,1.0,,0.5
2016-06-12,Sunday,0.5555555555555556,0.8066540404038889,0.58,0.5245901639344263,0.766685185185,0.53125,0.6363636363636364,0.5101111111111112,0.7142857142857143,1.0,1.3822222222222222,0.5,0.25,0.5047222222222222,1.0,0.5423728813559322,0.7840178571427778,0.625,0.5666666666666667,0.9039629629627779,0.5294117647058824,1.0,-0.019166666666666665,0.0,0.47619047619047616,0.8399074074072221,0.4,1.0,1.2603472222222223,1.0,0.18181818181818182,0.7636111111111111,0.0,0.8333333333333334,,0.6
2016-06-13,Monday,0.5494505494505495,1.5664525462961112,0.62,0.5172413793103449,1.5567685185183333,0.6666666666666666,0.625,0.7605902777777778,0.6,1.0,,1.0,,,,0.582089552238806,1.6294276094275,0.6153846153846154,0.4782608695652174,1.5122817460316667,0.6363636363636364,0.0,0.24666666666666667,,0.4857142857142857,1.6421388888888888,0.5294117647058824,0.8333333333333334,3.0659722222222223,0.9,0.3333333333333333,1.6142013888888889,0.25,0.75,0.7425,0.6666666666666666
2016-06-14,Tuesday,0.5483870967741935,0.7579803240738888,0.5490196078431373,0.5396825396825397,0.7140711805555555,0.5588235294117647,0.4444444444444444,0.5238333333333334,1.0,0.0,0.1976388888888889,,1.0,0.3827777777777778,0.0,0.5342465753424658,0.7058618233616667,0.5897435897435898,0.5789473684210527,0.9838271604936112,0.45454545454545453,1.0,,0.0,0.4146341463414634,0.5490534979422222,0.4117647058823529,0.9285714285714286,0.04694444444444444,0.8461538461538461,0.18181818181818182,0.8576041666666666,0.0,1.0,0.5472222222222223,0.42857142857142855
2016-06-15,Wednesday,0.6346153846153846,1.16435,0.6060606060606061,0.647887323943662,1.1524410774408334,0.6304347826086957,0.375,1.82625,0.0,0.4,0.10222222222222223,1.0,0.6666666666666666,0.06444444444444444,0.5,0.5970149253731343,1.3148976608186111,0.525,0.7222222222222222,0.6122727272724999,0.7307692307692307,0.0,1.5163888888888888,,0.5686274509803921,0.9627107279691667,0.4482758620689655,0.8,0.9421296296294444,1.0,0.36363636363636365,1.5244444444444445,0.25,1.0,,0.8571428571428571
2016-06-16,Thursday,0.6116504854368932,1.1224019607841667,0.5714285714285714,0.5633802816901409,1.1472558922558334,0.575,0.8181818181818182,0.4373888888888889,0.8888888888888888,1.0,,0.0,0.3333333333333333,1.27625,0.0,0.6125,1.2758194444444444,0.6326530612244898,0.6086956521739131,0.5645202020200001,0.35714285714285715,,,,0.36585365853658536,1.3488218390802778,0.4,0.75,0.7612037037036111,0.8666666666666667,0.7,1.430763888888889,0.42857142857142855,0.8333333333333334,0.10361111111111111,0.6
2016-06-17,Friday,0.6236559139784946,1.2351891252952778,0.5172413793103449,0.640625,1.2731060606058335,0.5121951219512195,0.8571428571428571,0.9677777777777777,0.3333333333333333,0.75,1.8441666666666667,0.6666666666666666,1.0,0.105,0.0,0.6428571428571429,1.1078806584361112,0.4444444444444444,0.6111111111111112,1.2589035087716667,0.6363636363636364,0.0,4.2219444444444445,,0.5263157894736842,1.313792270531389,0.45,0.7272727272727273,0.724375,0.875,0.75,1.065,0.3333333333333333,0.6666666666666666,1.67,0.5
2016-06-18,Saturday,0.6049382716049383,1.2343243243241666,0.4897959183673469,0.5555555555555556,1.32591563786,0.4,0.75,0.6277777777777778,0.6666666666666666,0.75,2.5308333333333333,0.3333333333333333,1.0,0.7086111111111111,1.0,0.6101694915254238,1.3914186507936113,0.5,0.5909090909090909,0.7455864197530555,0.46153846153846156,,,,0.4642857142857143,1.0677006172838888,0.6153846153846154,0.9375,0.5686111111111111,0.4666666666666667,0.16666666666666666,2.471333333333333,0.0,0.6666666666666666,1.527638888888889,0.0
2016-06-19,Sunday,0.7222222222222222,1.1373306233061111,0.5538461538461539,0.6984126984126984,1.1430555555555555,0.5227272727272727,0.6666666666666666,1.0007407407405555,1.0,1.0,,1.0,0.3333333333333333,1.5452777777777778,1.0,0.7230769230769231,1.136159003831389,0.574468085106383,0.7083333333333334,1.1401620370369445,0.5294117647058824,1.0,,0.0,0.6136363636363636,1.1299176954730556,0.4444444444444444,0.75,3.1840277777777777,0.5555555555555556,0.5,0.24604166666666666,0.5,1.0,3.196388888888889,0.8333333333333334
2016-06-20,Monday,0.5826771653543307,0.9933001658372222,0.5405405405405406,0.5795454545454546,1.1367874396133333,0.6078431372549019,0.6923076923076923,0.6403703703702778,0.3333333333333333,1.0,,0.0,0.5714285714285714,1.005185185185,0.5,0.5656565656565656,1.1287767094016667,0.5714285714285714,0.6428571428571429,0.5236481481480556,0.4444444444444444,,,,0.5423728813559322,0.9108169934638889,0.375,0.9230769230769231,0.24074074074055554,0.8333333333333334,0.4444444444444444,1.6106172839505555,0.375,0.8571428571428571,0.3005555555555556,0.6666666666666666
2016-06-21,Tuesday,0.6,0.9202139639638889,0.5512820512820513,0.5643564356435643,0.8830694444444445,0.543859649122807,0.7777777777777778,0.32870370370361107,0.5714285714285714,1.0,,0.0,0.75,0.24222222222222223,0.3333333333333333,0.5813953488372093,0.7778159041391666,0.5,0.6578947368421053,0.9680694444444445,0.6,0.5,3.0219444444444443,1.0,0.4925373134328358,1.0262098765430556,0.24242424242424243,0.8888888888888888,0.44186507936499997,0.8125,0.3333333333333333,0.6554444444444444,0.6666666666666666,1.0,1.574513888888889,0.8571428571428571
2016-06-22,Wednesday,0.6611570247933884,0.9634188034186111,0.4875,0.6265060240963856,0.8728683574877778,0.4423076923076923,0.7,0.6048888888888888,0.7142857142857143,1.0,0.2625,0.3333333333333333,0.5,0.7190277777777778,0.0,0.7111111111111111,0.7853140096616666,0.484375,0.5925925925925926,1.4404513888888888,0.5,0.0,1.150185185185,,0.59375,1.0622008547008333,0.2631578947368421,0.8421052631578947,0.5418518518516667,0.9375,0.5,0.5618055555555556,0.4,1.0,,1.0
2016-06-23,Thursday,0.6377952755905512,0.8646656378600001,0.5802469135802469,0.6049382716049383,0.7930555555555555,0.5714285714285714,0.7894736842105263,1.7985648148147222,0.6,1.0,,0.3333333333333333,0.6666666666666666,0.5394444444444444,1.0,0.6701030927835051,0.9958656330747222,0.5846153846153846,0.5333333333333333,0.3517929292927778,0.5625,,,,0.6029411764705882,0.7586290322580556,0.5365853658536586,0.7368421052631579,0.32616666666666666,0.7142857142857143,0.4444444444444444,0.5033888888888889,0.5,1.0,,1.0
2016-06-24,Friday,0.5888888888888889,1.0624634502922223,0.37735849056603776,0.5757575757575758,0.9840476190475,0.3684210526315789,0.6666666666666666,0.6040277777777778,0.25,0.0,0.4488888888888889,,1.0,2.151527777777778,0.4,0.5873015873015873,0.9070023148147223,0.3783783783783784,0.5652173913043478,1.3289682539680554,0.38461538461538464,0.75,,0.3333333333333333,0.5,1.2537681159419445,0.2727272727272727,0.6923076923076923,0.40259259259249996,0.4444444444444444,0.3333333333333333,0.8575694444444445,0.5,0.6666666666666666,,0.5
2016-06-25,Saturday,0.5909090909090909,1.0205381944444445,0.41025641025641024,0.6,1.1205423280422222,0.4074074074074074,0.4,0.8604629629627777,0.0,0.6666666666666666,0.5411111111111111,0.0,0.3333333333333333,3.4366666666666665,0.0,0.6136363636363636,1.0271428571427779,0.4074074074074074,0.6,1.1054166666666667,0.4166666666666667,0.0,0.03305555555555555,,0.5714285714285714,0.48,0.1875,0.7142857142857143,1.572361111111111,1.0,0.5,1.289888888888889,0.75,,,
2016-06-26,Sunday,0.7083333333333334,1.4009045584044444,0.5588235294117647,0.6785714285714286,1.5506597222222223,0.6052631578947368,0.7857142857142857,0.7214583333333333,0.36363636363636365,0.75,2.234166666666667,0.6666666666666666,0.4,1.0136805555555555,0.5,0.7,1.230392720306389,0.5102040816326531,0.72,1.8953888888888888,0.6666666666666666,1.0,,1.0,0.673469387755102,1.5776207729466667,0.5454545454545454,0.5,0.05287037037027778,0.75,0.8,2.7846527777777776,0.25,1.0,1.2119444444444445,0.5
2016-06-27,Monday,0.6509433962264151,1.0086111111111111,0.6231884057971014,0.5362318840579711,0.8043798449611111,0.5945945945945946,0.8333333333333334,1.1204166666666666,1.0,1.0,4.019444444444445,0.3333333333333333,0.4,1.0625,1.0,0.5882352941176471,0.8253003003002778,0.6,0.7714285714285715,1.2271198830408334,0.7037037037037037,0.6666666666666666,3.6394444444444445,0.0,0.55,1.2320085470083333,0.48484848484848486,0.7058823529411765,0.9057777777777778,1.0,0.5555555555555556,0.2641111111111111,0.4,1.0,,1.0
2016-06-28,Tuesday,0.5093167701863354,0.8558150183150001,0.5,0.5363636363636364,0.945660291438889,0.4745762711864407,0.5714285714285714,0.7785648148147223,0.75,0.4,0.36148148148138887,0.0,0.16666666666666666,0.3457222222222222,0.0,0.5555555555555556,0.77633424408,0.47692307692307695,0.4722222222222222,0.9085101010100001,0.5882352941176471,0.0,1.3169444444444445,,0.38144329896907214,0.9508723958333334,0.35135135135135137,0.6875,0.21638888888888888,0.5454545454545454,0.5,0.5002777777777778,0.3333333333333333,1.0,0.5277777777777778,0.5555555555555556
2016-06-29,Wednesday,0.5862068965517241,1.0398761261261111,0.49411764705882355,0.5057471264367817,1.0628311965811112,0.4772727272727273,0.9230769230769231,0.8050555555555555,0.4166666666666667,1.0,,0.3333333333333333,0.42857142857142855,1.0530555555555556,0.6666666666666666,0.5959595959595959,0.9109188034186111,0.4915254237288136,0.5952380952380952,1.4478216374266668,0.48,0.25,0.6914814814813889,1.0,0.47368421052631576,0.9782384823847222,0.3055555555555556,0.9285714285714286,0.3832407407405556,0.6923076923076923,0.5,0.43670634920611107,0.16666666666666666,0.5,1.8308333333333333,0.5
2016-06-30,Thursday,0.625,1.1805515873013888,0.4588235294117647,0.5777777777777777,1.0829594017091666,0.4230769230769231,0.9166666666666666,1.0202777777777778,0.6363636363636364,0.25,0.3159259259258333,0.0,0.6666666666666666,0.8333333333333334,0.0,0.6421052631578947,1.0321728395061112,0.45901639344262296,0.5294117647058824,1.5188055555555555,0.4444444444444444,0.8571428571428571,1.1629444444444446,0.5,0.5555555555555556,0.963971471471389,0.2857142857142857,0.7894736842105263,0.7981349206347221,0.5333333333333333,0.5263157894736842,1.3983680555555555,0.4,1.0,0.03277777777777778,1.0
